variables,bartlett_estadistico,bartlett_gradoslibertad,bartlett_pvalor,bartlett_varianzas
a1,0.053344417,1,0.817342689,iguales
a2,0.743871537,1,0.388423502,iguales
a3,0.082650768,1,0.7737368,iguales
a4,8.104829947,1,0.004414746,diferentes
a5,1.257339041,1,0.262155375,iguales
a6,0.015596972,1,0.900612347,iguales
a7,1.677425072,1,0.195266952,iguales
total_a,0.274593624,1,0.600266843,iguales
b1,0.34281928,1,0.558206383,iguales
b2,0.269902831,1,0.603396961,iguales
b3,0.330908006,1,0.56512491,iguales
b4,0.002780761,1,0.957944706,iguales
b5,0.072569694,1,0.787631406,iguales
b6,0.444685493,1,0.504869594,iguales
b7,0.47804625,1,0.48930862,iguales
b8,22.99629789,1,1.62E-06,diferentes
b9,0.186015074,1,0.666254141,iguales
total_b_l,4.121447321,1,0.042342839,diferentes
total_b_m,0.072112219,1,0.788285858,iguales
total_b_a,0.125558248,1,0.7230826,iguales
total_b,0.007040452,1,0.933130053,iguales
c1,0.729696654,1,0.392981532,iguales
c2,8.76523413,1,0.003070267,diferentes
c3,7.803114003,1,0.005215627,diferentes
c4,2.30014395,1,0.129362009,iguales
c5,7.70135233,1,0.005517947,diferentes
c6,81.23529819,1,2E-19,diferentes
total_c_ff,5.164564967,1,0.02305223,diferentes
total_c_fp,9.794903356,1,0.001749962,diferentes
total_c_mt,1.159043146,1,0.281664072,iguales
total_c,4.187214376,1,0.040729971,diferentes
total_d,1.35712824,1,0.244035803,iguales
gran_total,1.614221707,1,0.203899374,iguales
