variables,wilcox_estadistico,wilcox_pvalor,wilcox_conclusion
a1,96114.5,0.342098212,iguales
a2,97177,0.642199827,iguales
a3,104781.5,0.1037041,iguales
a4,101763,0.372081844,iguales
a5,99492,0.771952745,iguales
a6,99535.5,0.887458795,iguales
a7,100055.5,0.772795234,iguales
total_a,102388,0.558123167,iguales
b1,86844,0.000132577,diferentes
b2,112834,4.04E-05,diferentes
b3,88631,0.000661584,diferentes
b4,104475.5,0.169473867,iguales
b5,75754.5,5.95E-13,diferentes
b6,85775,3.30E-05,diferentes
b7,92019,0.028486881,diferentes
b8,87641.5,8.56E-05,diferentes
b9,90183.5,0.00462136,diferentes
total_b_l,97546,0.405362813,iguales
total_b_m,72652,1.90E-13,diferentes
total_b_a,79561,2.78E-08,diferentes
total_b,70202.5,3.90E-15,diferentes
c1,67415.5,7.07E-18,diferentes
c2,64370,9.42E-25,diferentes
c3,64628,6.86E-25,diferentes
c4,58347,2.72E-28,diferentes
c5,103209,0.016072424,diferentes
c6,114351,1.10E-07,diferentes
total_c_ff,56834.5,4.34E-31,diferentes
total_c_fp,53743.5,7.01E-36,diferentes
total_c_mt,116265.5,6.35E-06,diferentes
total_c,60123.5,1.13E-24,diferentes
total_d,71922,1.04E-13,diferentes
gran_total,66733.5,2.70E-18,diferentes
