"variables","grado_dunn_comparaciones","grado_dunn_estadistico","grado_dunn_pvalor","grado_dunn_difsignificativas"
"gran_total","4 - 5",-4.23716590627813,0.000169769158769698,"Significativa"
"gran_total","4 - 5",-1.99195238577652,0.347822117745645,"No significativa"
"gran_total","4 - 5",-3.17096008094107,0.0113952015541004,"Significativa"
"gran_total","4 - 5",1.74037294309725,0.613451649938374,"No significativa"
"gran_total","4 - 5",-1.39050376121227,1,"No significativa"
"gran_total","4 - 5",-2.19243475893746,0.21261096830939,"No significativa"
"gran_total","4 - 5",-1.3358791253659,1,"No significativa"
"gran_total","4 - 5",-3.93988002870678,0.000611417753570318,"Significativa"
"gran_total","4 - 5",-3.08532605119768,0.0152496840438635,"Significativa"
"gran_total","4 - 5",-0.681160996439709,1,"No significativa"
"gran_total","4 - 5",-3.42625245948221,0.00458978466720494,"Significativa"
