"variables","edad_krusk_estadistico","edad_krusk_gradoslibertad","edad_krusk_pvalor","edad_krusk_difsignificativas","variables.1","grado_krusk_estadistico","grado_krusk_gradoslibertad","grado_krusk_pvalor","grado_krusk_difsignificativas","variables.2","escuela_krusk_estadistico","escuela_krusk_gradoslibertad","escuela_krusk_pvalor","escuela_krusk_difsignificativas"
"a1",2.5700602691465,7,0.921729713152451,"No hay diferencias","a1",16.8924821611977,5,0.00470828650249228,"Hay diferencias","a1",11.5994542005985,7,0.114524530730862,"No hay diferencias"
"a2",20.2220534899315,7,0.00510950231021945,"Hay diferencias","a2",6.88184595485346,5,0.229576931458353,"No hay diferencias","a2",47.1406213717848,7,5.24033622944369e-08,"Hay diferencias"
"a3",25.7966450183337,7,0.000547584547644757,"Hay diferencias","a3",25.3032396256134,5,0.000121748987179406,"Hay diferencias","a3",46.8434184650766,7,5.98861236805585e-08,"Hay diferencias"
"a4",9.39374423121244,7,0.225608925825083,"No hay diferencias","a4",11.0451680218201,5,0.0504917528737259,"No hay diferencias","a4",33.4637725863195,7,2.16957357595766e-05,"Hay diferencias"
"a5",24.6891558830517,7,0.000861313675926459,"Hay diferencias","a5",6.42381253371855,5,0.267135518417003,"No hay diferencias","a5",44.2212503669366,7,1.93630550573611e-07,"Hay diferencias"
"a6",7.34505546981525,7,0.393858064496929,"No hay diferencias","a6",13.1496427682964,5,0.0220160896360874,"Hay diferencias","a6",33.7989256996221,7,1.87827936875214e-05,"Hay diferencias"
"a7",26.5320797164983,7,0.000404470206598065,"Hay diferencias","a7",14.8532445057973,5,0.01100815604486,"Hay diferencias","a7",60.7231452590914,7,1.08240722989445e-10,"Hay diferencias"
"total_a",22.9612964932691,7,0.0017312640038244,"Hay diferencias","total_a",23.2161780972694,5,0.000306907870835891,"Hay diferencias","total_a",79.9614752880054,7,1.40264564066684e-14,"Hay diferencias"
"b1",75.8486398923669,7,9.64262218008571e-14,"Hay diferencias","b1",63.4914545696844,5,2.30277741568559e-12,"Hay diferencias","b1",85.0034108492529,7,1.30878016207963e-15,"Hay diferencias"
"b2",26.9080128955316,7,0.00034622615784927,"Hay diferencias","b2",27.4613422425856,5,4.6374315380287e-05,"Hay diferencias","b2",126.363439812678,7,3.61142424113963e-24,"Hay diferencias"
"b3",23.2275307301886,7,0.0015558142874137,"Hay diferencias","b3",20.6664110729942,5,0.000936423608802809,"Hay diferencias","b3",132.009689018599,7,2.38963616033292e-25,"Hay diferencias"
"b4",37.6882913540686,7,3.47290520286979e-06,"Hay diferencias","b4",22.7029135100897,5,0.000384686402095898,"Hay diferencias","b4",126.337315928477,7,3.65704524291891e-24,"Hay diferencias"
"b5",91.741162141824,7,5.42884582071723e-17,"Hay diferencias","b5",84.3117917180826,5,1.04939221883638e-16,"Hay diferencias","b5",126.376535801443,7,3.58876874990516e-24,"Hay diferencias"
"b6",41.7729788090147,7,5.7504091847378e-07,"Hay diferencias","b6",33.9220769287666,5,2.46758156994955e-06,"Hay diferencias","b6",118.958780182276,7,1.26210409750171e-22,"Hay diferencias"
"b7",30.4325696113093,7,7.90861524262549e-05,"Hay diferencias","b7",27.7055770950093,5,4.15536211250261e-05,"Hay diferencias","b7",130.274117685288,7,5.50881029757913e-25,"Hay diferencias"
"b8",42.8795998060311,7,3.51902178039614e-07,"Hay diferencias","b8",32.8624333919478,5,4.00769730196187e-06,"Hay diferencias","b8",86.4132471265058,7,6.73230136159709e-16,"Hay diferencias"
"b9",42.6937265210154,7,3.82200739646445e-07,"Hay diferencias","b9",31.5632691731845,5,7.24946276388035e-06,"Hay diferencias","b9",74.2495919168566,7,2.03663537010004e-13,"Hay diferencias"
"total_b_l",42.9509635422058,7,3.40914418358873e-07,"Hay diferencias","total_b_l",19.5538540479799,5,0.0015149667746063,"Hay diferencias","total_b_l",146.754442133057,7,1.94916804875907e-28,"Hay diferencias"
"total_b_m",129.56268777146,7,7.75692430188279e-25,"Hay diferencias","total_b_m",106.114544698661,5,2.71156351445553e-21,"Hay diferencias","total_b_m",183.740263487297,7,3.15876572942194e-36,"Hay diferencias"
"total_b_a",60.1961018761547,7,1.37939716884768e-10,"Hay diferencias","total_b_a",40.8932055998585,5,9.86060627369069e-08,"Hay diferencias","total_b_a",187.202275463697,7,5.85866104633962e-37,"Hay diferencias"
"total_b",122.237477081249,7,2.61915723321897e-23,"Hay diferencias","total_b",83.2714509796629,5,1.73359387742899e-16,"Hay diferencias","total_b",263.886810340621,7,3.05734314383522e-53,"Hay diferencias"
"c1",76.9419441438221,7,5.77981808019239e-14,"Hay diferencias","c1",78.3771859634567,5,1.83327804390688e-15,"Hay diferencias","c1",99.6099829631909,7,1.29859638448693e-18,"Hay diferencias"
"c2",117.432639963251,7,2.62247990190169e-22,"Hay diferencias","c2",126.383294043738,5,1.39263497066682e-25,"Hay diferencias","c2",132.241179273107,7,2.13765482924327e-25,"Hay diferencias"
"c3",104.049738324324,7,1.56964170513395e-19,"Hay diferencias","c3",115.89510877801,5,2.32169938133559e-23,"Hay diferencias","c3",136.967057841692,7,2.19421500953158e-26,"Hay diferencias"
"c4",120.570558670903,7,5.82730811832165e-23,"Hay diferencias","c4",132.446576880182,5,7.19897310359731e-27,"Hay diferencias","c4",125.562311835539,7,5.30696636098036e-24,"Hay diferencias"
"c5",11.2584826888143,7,0.127734799161499,"No hay diferencias","c5",20.5406416266815,5,0.000988944080730349,"Hay diferencias","c5",55.3597937870883,7,1.26514820324389e-09,"Hay diferencias"
"c6",37.1403603163437,7,4.41204691992735e-06,"Hay diferencias","c6",41.0705947229324,5,9.07966361908886e-08,"Hay diferencias","c6",155.648090154255,7,2.64027303531898e-30,"Hay diferencias"
"total_c_ff",140.874590829681,7,3.33324975738053e-27,"Hay diferencias","total_c_ff",144.988739165193,5,1.55550081000991e-29,"Hay diferencias","total_c_ff",155.30934732567,7,3.11079231818432e-30,"Hay diferencias"
"total_c_fp",159.501545896234,7,4.08408964896141e-31,"Hay diferencias","total_c_fp",172.065814522969,5,2.64419555116763e-35,"Hay diferencias","total_c_fp",166.140944137984,7,1.63343000382974e-32,"Hay diferencias"
"total_c_mt",27.6719933330798,7,0.000252105353322261,"Hay diferencias","total_c_mt",43.0794464216926,5,3.560571967778e-08,"Hay diferencias","total_c_mt",74.6006561594793,7,1.72847412637931e-13,"Hay diferencias"
"total_c",115.360816556683,7,7.07312491272392e-22,"Hay diferencias","total_c",129.37756714794,5,3.22594112375448e-26,"Hay diferencias","total_c",117.492724693937,7,2.54806664937327e-22,"Hay diferencias"
"total_d",83.1330194114468,7,3.15820816920796e-15,"Hay diferencias","total_d",69.1425801885289,5,1.54532647317708e-13,"Hay diferencias","total_d",142.610091051844,7,1.44249374710249e-27,"Hay diferencias"
"gran_total",138.296251647918,7,1.15606093080536e-26,"Hay diferencias","gran_total",112.892504678942,5,1.00232717945188e-22,"Hay diferencias","gran_total",222.916607722274,7,1.58577241071441e-44,"Hay diferencias"
