,que mi hermanito grita mucho,n_similarities,2dim,5dim,10dim,20dim,50dim,eval_og
0,si. porque canta,0,0,0,0,0,0,2
1,que su hermano grita mucho,0.5216429,0.66490877,0.50910157,0.501273,0.50064725,0.5004216,3
2,NS,0,0,0,0,0,0,1
3,que mi hermano habla y llora mucho,0.32829186,0.004135817,-0.024165545,-0.006690264,-0.000459008,-0.000103258,3
4,porque es muy travieso o llora mucho,0.50417924,0.9209119,0.91910756,-0.009795409,-0.002236687,-9.42E-05,3
5,sus hemanos gritan mucho,0.587024,-0.47047094,-0.10315436,-0.015784612,-0.00374648,0.001283439,3
6,que su hermano grita mucho,0.5216429,0.66490877,0.50910157,0.501273,0.50064725,0.5004216,3
7,porque algunos gritamos cuando queremos,0,0,0,0,0,0,2
8,es muy irritante y llora mucho,0.39172617,0.97476524,0.941955,-0.007308953,-0.000567809,-0.000105321,3
9,que su hermano grita mucho,0.5216429,0.66490877,0.50910157,0.501273,0.50064725,0.5004216,3
10,mi hermano es un griton,0.33011976,-0.14948976,0.051427737,0.001171693,0.000101462,6.22E-05,3
11,mi hermano grita mucho,0.5216429,0.66490877,0.50910157,0.501273,0.50064725,0.5004216,3
12,NS,0,0,0,0,0,0,1
13,su hermano grita mucho,0.5216429,0.66490877,0.50910157,0.501273,0.50064725,0.5004216,3
14,que grita mucho y no para de reir,0.63773954,0.99542797,0.815106,0.71300906,0.708673,0.70789766,3
15,que su hermano es chillon,0.30738476,-0.041525424,-0.073130935,0.004510202,0.007470787,0.001552388,3
16,que grita mucho,0.58479303,0.99542797,0.815106,0.71300906,0.708673,0.70789766,3
17,que grita mucho,0.58479303,0.99542797,0.815106,0.71300906,0.708673,0.70789766,3
18,lenguaje literal,0,0,0,0,0,0,2
19,que mi hermano esta gritando,0.45310497,-0.08828074,0.0218627,-0.003427502,-0.000319723,-0.000449769,3
20,que es griton,0.357207,-0.5156076,0.17928916,0.003836334,0.000225902,0.000128835,3
21,mi hermano es una pelota que grita mucho,0.60425675,0.6598271,0.44950983,0.41227862,0.4118954,0.41047364,3
22,porque cuando no le dan algo se enoja y empieza a gritar,0.5912515,-0.47728553,0.069842845,0.000427675,-0.001628837,-0.000958549,3
23,que su hermano grita mucho,0.5216429,0.66490877,0.50910157,0.501273,0.50064725,0.5004216,3
24,mi hermano grita mucho,0.5216429,0.66490877,0.50910157,0.501273,0.50064725,0.5004216,3
25,0,0,0,0,0,0,0,0
26,es como cuando grita mucho muy fuerte,0.5692198,0.9955339,0.81271434,0.70530456,0.699852,0.5230107,3
27,que grita mucho,0.58479303,0.99542797,0.815106,0.71300906,0.708673,0.70789766,3
28,no grita porque no es como su hermano,0.5216429,0.66490877,0.50910157,0.501273,0.50064725,0.5004216,1
29,que se asusta siempre o es muy enojona y grita mucho de furia,0.6052917,0.99542797,0.815106,0.71300906,0.708673,0.70789766,3
30,es lloron y es pelota de gritos,0.4947111,0.37198728,0.046005696,0.017324783,0.002141833,0.000320736,3
31,que su hermano grita mucho,0.5216429,0.66490877,0.50910157,0.501273,0.50064725,0.5004216,3
32,mi hermano grita mucho,0.5216429,0.66490877,0.50910157,0.501273,0.50064725,0.5004216,3
33,que bota,0.32965043,0.44887322,-0.040328406,-0.018899981,0.02335608,0.006942791,1
34,que su hermano siempre esta gritando,0.45310497,-0.08828074,0.0218627,-0.003427502,-0.000319723,-0.000449769,3
35,porque grita mucho,0.58479303,0.99542797,0.815106,0.71300906,0.708673,0.70789766,3
36,que es aburrido,0.21235228,0,0,0,0,0,1
37,que su hermano siempre o la mayoria de veces grita o llora,0.6046258,0.6751732,0.53623796,0.40186307,0.40225986,0.39623824,3
38,porque su hermanito es pequeno y grita por eso,0.8110508,0.9999893,0.99985445,0.9970799,0.8556826,0.8217512,3
39,cuando un hermanito grita porque quiere algo,0.8323351,0.99999994,1,1,1,1,3
40,que grita mucho,0.58479303,0.99542797,0.815106,0.71300906,0.708673,0.70789766,1
41,si. porque siempre chilla,0.53725517,0.46122682,0.037388176,0.15310349,-0.001660016,7.45E-07,3
42,que esta gritando todo el dia,0.5244153,-0.51134896,0.14512928,-0.002803262,-0.00037792,-0.000597566,3
43,porque las hermanas por todo se enojan,0.44135043,0,0,0,0,0,3
44,su hermano es muy travieso,0.38341755,-0.040281028,-0.08080984,-0.004813299,-0.001795985,-4.88E-05,3
45,que grita mucho,0.58479303,0.99542797,0.815106,0.71300906,0.708673,0.70789766,3
46,que su hermano es griton,0.33011976,-0.14948976,0.051427737,0.001171693,0.000101462,6.22E-05,3
47,es muy escandaloso,0.23753607,-0.49071535,-0.37589234,-0.069461375,-0.011570905,-9.20E-05,3
48,llora por ella ,0.3590144,0.97476524,0.941955,-0.007308953,-0.000567809,-0.000105321,1
49,que su hermano grita mucho,0.5216429,0.66490877,0.50910157,0.501273,0.50064725,0.5004216,3
50,porque esa pelota esta muy poco inflada,0.40923604,0.5306839,0.04140625,-0.010899864,0.002403207,0.001123399,1
51,que grita mucho,0.58479303,0.99542797,0.815106,0.71300906,0.708673,0.70789766,3
52,una persona que grita mucho,0.6832276,0.99475455,0.80474293,0.5302667,0.5162337,0.500969,3
53,que su hermano grita mucho,0.5216429,0.66490877,0.50910157,0.501273,0.50064725,0.5004216,3
54,que su hermano grita mucho,0.5216429,0.66490877,0.50910157,0.501273,0.50064725,0.5004216,3
55,que su hermano grita mucho,0.5216429,0.66490877,0.50910157,0.501273,0.50064725,0.5004216,3
56,es un nino griton,0.53251815,-0.41462427,0.2728505,-0.001816213,0.000125468,0.000342131,3
57,que mi hermanito grita mucho,0.8323351,0.99999994,1,1,1,1,3
58,que es griton,0.357207,-0.5156076,0.17928916,0.003836334,0.000225902,0.000128835,3
59,que su hermano grita mucho,0.5216429,0.66490877,0.50910157,0.501273,0.50064725,0.5004216,3
60,que su hermano es muy griton,0.33011976,-0.14948976,0.051427737,0.001171693,0.000101462,6.22E-05,3
61,mi hermano siempre grita,0.5216429,0.66490877,0.50910157,0.501273,0.50064725,0.5004216,3
62,que su hermano grita mucho,0.5216429,0.66490877,0.50910157,0.501273,0.50064725,0.5004216,3
63,que su hermano grita mucho,0.5216429,0.66490877,0.50910157,0.501273,0.50064725,0.5004216,3
64,que mi hermano grita mucho,0.5216429,0.66490877,0.50910157,0.501273,0.50064725,0.5004216,3
65,que su hermano grita mucho,0.5216429,0.66490877,0.50910157,0.501273,0.50064725,0.5004216,3
66,que su hermano grita mucho,0.5216429,0.66490877,0.50910157,0.501273,0.50064725,0.5004216,3
67,que es un gordito que grita,0.6558389,0.99516606,0.84843904,0.7038979,0.5025464,0.5018801,3
68,que su hermano grita mucho,0.5216429,0.66490877,0.50910157,0.501273,0.50064725,0.5004216,3
69,que mi hermano grita mucho,0.5216429,0.66490877,0.50910157,0.501273,0.50064725,0.5004216,3
70,que mi hermano es griton,0.33011976,-0.14948976,0.051427737,0.001171693,0.000101462,6.22E-05,3
71,porque se expresa de manera en la que es como llora mucho,0.4537499,0.96676064,0.9404825,-0.009173796,-0.000841707,-0.0040562,3
72,que es gordo y grita mucho,0.5093061,0.99496603,0.8349745,0.7232153,0.51983523,0.5044687,3
73,que su hermano grita mucho,0.5216429,0.66490877,0.50910157,0.501273,0.50064725,0.5004216,3
74,que grita mucho,0.58479303,0.99542797,0.815106,0.71300906,0.708673,0.70789766,3
75,que a cada rato grita,0.6714142,0.9952711,0.8226125,0.7058833,0.64399064,0.5081346,3
76,que el hermano es una persona gritona,0.44833302,-0.028269798,-0.086781,-0.009294495,-0.001681322,-0.000491191,3
77,que mi hermano grita mucho,0.5216429,0.66490877,0.50910157,0.501273,0.50064725,0.5004216,3
78,que grita mucho,0.58479303,0.99542797,0.815106,0.71300906,0.708673,0.70789766,3
79,que mi hermano grita mucho,0.5216429,0.66490877,0.50910157,0.501273,0.50064725,0.5004216,3
80,mas o menos le entendi,0,0,0,0,0,0,1
81,que es muy enojon,0.3514654,-0.15241376,-0.3455549,0.035246417,0.038458776,0.002099219,3
82,que su hermano grita mucho,0.5216429,0.66490877,0.50910157,0.501273,0.50064725,0.5004216,3
83,que su hermano grita mucho,0.5216429,0.66490877,0.50910157,0.501273,0.50064725,0.5004216,3
84,NS,0,0,0,0,0,0,1
85,que los bebes lloran,0.5589644,-0.46237123,-0.11602962,-0.027877057,-0.018816233,-0.003086907,3
86,que mi hermano grita,0.5216429,0.66490877,0.50910157,0.501273,0.50064725,0.5004216,3
87,que su hermano tiene una cabeza redonda y siempre grita,0.5187576,0.66273874,0.5061349,0.49884787,0.49718064,0.4921052,3
88,que grita,0.58479303,0.99542797,0.815106,0.71300906,0.708673,0.70789766,3
89,que su hermano grita mucho,0.5216429,0.66490877,0.50910157,0.501273,0.50064725,0.5004216,3
90,que su hermano grita mucho,0.5216429,0.66490877,0.50910157,0.501273,0.50064725,0.5004216,3
91,mi  hermano bebe chilla y grita mucho,0.6354011,0.66601795,0.51653516,0.5108247,0.4488711,0.3546852,3
92,que mi hermano siempre grita,0.5216429,0.66490877,0.50910157,0.501273,0.50064725,0.5004216,3
93,que tu hermano cada vez que salta grita,0.48212928,0.6661667,0.5093777,0.50117815,0.500515,0.5001898,3
94,que grita mucho,0.58479303,0.99542797,0.815106,0.71300906,0.708673,0.70789766,3
95,mi hermano grita mucho,0.5216429,0.66490877,0.50910157,0.501273,0.50064725,0.5004216,3
96,que mi hermanito siempre grita y no suelta la pelota,0.7864597,0.9990771,0.8377172,0.8330569,0.82007116,0.818916,3
97,que su hermanito grita pelotas pelotas,0.68856335,0.9999838,0.999851,0.9983665,0.94725406,0.58556825,1
98,que grita mucho,0.58479303,0.99542797,0.815106,0.71300906,0.708673,0.70789766,3
99,circular comelona,0,0,0,0,0,0,2
100,su hermano grita,0.5216429,0.66490877,0.50910157,0.501273,0.50064725,0.5004216,3
101,(dormido),0,0,0,0,0,0,1
102,que grita demasiado,0.58479303,0.99542797,0.815106,0.71300906,0.708673,0.70789766,3
103,mi hermana es una pelota de risa,0.60870826,0.6481215,0.045032382,-0.011348732,-0.004627474,0.00026292,2
104,NS,0,0,0,0,0,0,1
105,que ese hermanito llora mucho y grita mucho,0.7636749,0.9999663,0.9998965,0.8195754,0.8176248,0.81710565,3
106,que es muy gritona,0.24782684,-0.4625459,-0.2740041,-0.019511063,-0.015808148,-0.000904816,3
107,que mi  hermano grita mucho,0.5216429,0.66490877,0.50910157,0.501273,0.50064725,0.5004216,3
108,que su hermano grita mucho,0.5216429,0.66490877,0.50910157,0.501273,0.50064725,0.5004216,3
109,que su hermano es griton,0.33011976,-0.14948976,0.051427737,0.001171693,0.000101462,6.22E-05,3
110,que llora y grita cuando necesita algo,0.6273056,0.99488807,0.83772904,0.5005956,0.50180143,0.50112516,3
111,que es muy divertido y grita mucho,0.57660484,0.99542797,0.815106,0.71300906,0.708673,0.70789766,3
112,que es muy gritona,0.24782684,-0.4625459,-0.2740041,-0.019511063,-0.015808148,-0.000904816,3
113,porque esta gordito y es griton,0.5462071,-0.4661032,0.22764295,0.01846397,1.92E-05,-0.000304401,3
114,que grita mucho,0.58479303,0.99542797,0.815106,0.71300906,0.708673,0.70789766,3
115,que grita mucho,0.58479303,0.99542797,0.815106,0.71300906,0.708673,0.70789766,3
116,si ,0,0,0,0,0,0,1
117,si que es un bebe y que le meten un ladrillo por  la boca para callarlo,0.33052778,0.8454443,0.77369905,0.21474831,0.02085315,9.81E-05,1
118,que grita mucho,0.58479303,0.99542797,0.815106,0.71300906,0.708673,0.70789766,3
119,porque grita,0.58479303,0.99542797,0.815106,0.71300906,0.708673,0.70789766,3
120,si porque tal vez asi es y les guste decirle asi,0.36496097,-0.5014969,-0.001234055,-0.14622545,-0.029106893,-0.0052907,1
121,que grita mucho,0.58479303,0.99542797,0.815106,0.71300906,0.708673,0.70789766,3
122,NS,0,0,0,0,0,0,1
123,de que mi pelota es muy gritona commo mi hermano,0.3854341,-0.013574034,-0.038326897,-0.01355586,-0.002490569,0.000104088,1
124,que grita mucho,0.58479303,0.99542797,0.815106,0.71300906,0.708673,0.70789766,3
125,que mi hermanito grita mucho,0.8323351,0.99999994,1,1,1,1,3
126,que mi  hermano siempre grita,0.5216429,0.66490877,0.50910157,0.501273,0.50064725,0.5004216,3
127,que el hermano siempre grita,0.5216429,0.66490877,0.50910157,0.501273,0.50064725,0.5004216,3
128,que su hermano rueda,0.14036883,-0.040054172,-0.08299095,-0.002148811,-8.19E-05,-4.07E-05,2
129,que su hermanito grita mucho,0.8323351,0.99999994,1,1,1,1,3
130,que es griton y juega con una pelota,0.4913438,-0.3429029,0.16430551,-0.008011371,-0.000356346,-0.001312941,2
131,que es muy jugueton y grita mucho,0.62060857,0.99542797,0.815106,0.71300906,0.708673,0.70789766,3
132,que mi hermano grita mucho,0.5216429,0.66490877,0.50910157,0.501273,0.50064725,0.5004216,3
133,tu hermanito satltara y saltara y no tiene sentido,0.5837724,0.88274914,0.69582236,0.7087475,0.70519054,0.58364236,2
134,que su hermano no para de gritar,0.43793315,-0.057807058,-0.07482973,-0.000295531,0.000172885,0.000755303,3
135,que cuando juega con la pelota grita,0.64511317,0.9902796,0.6310423,0.49054578,0.48614895,0.4184559,2
136,que su hermano grita mucho,0.5216429,0.66490877,0.50910157,0.501273,0.50064725,0.5004216,3
137,que grita mucho,0.58479303,0.99542797,0.815106,0.71300906,0.708673,0.70789766,3
138,que no puede haber pelotas asi,0.336475,0.8998424,0.7619127,0.46744847,0.07479968,0.00249289,1
139,que grita mucho,0.58479303,0.99542797,0.815106,0.71300906,0.708673,0.70789766,3
140,que cuando rebota suena como un grito,0.31875324,0.33576292,0.017622182,-0.07537825,-0.0127634,0.000306414,2
141,que mi hermanito siempre grita a cada segundo,0.8323351,0.99999994,1,1,1,1,3
142,una pelota de gritos porque los bebes siempre lloran. gritan. eructan y muchas mas cosas,0.6620515,0.21017206,0.036609188,0.012155175,-0.007686175,-0.00052679,3
143,que su hermano grita mucho y le gusta saltar,0.6791901,0.6625401,0.5065054,0.4966263,0.48996487,0.42424512,3
144,o sea que chilla mucho,0.53725517,0.46122682,0.037388176,0.15310349,-0.001660016,7.45E-07,3
145,que su hermano grita bien alto,0.5826529,0.66490877,0.50910157,0.501273,0.50064725,0.5004216,3
146,que grita mucho,0.58479303,0.99542797,0.815106,0.71300906,0.708673,0.70789766,3
147,pues se refiere a que su hermanito es muy griton o grita mucho,0.8007205,0.970231,0.8737589,0.8129892,0.7186599,0.7107183,3
148,que su hermano grita o llora todo el dia,0.5685067,0.6778558,0.5370535,0.40754598,0.40928763,0.40896627,3
149,que mi hermano grita mucho,0.5216429,0.66490877,0.50910157,0.501273,0.50064725,0.5004216,3
150,porque le encanta gritar,0.57707816,-0.47652948,0.04005745,0.000872666,-0.000498587,0.000932235,3
151,que es muy griton,0.357207,-0.5156076,0.17928916,0.003836334,0.000225902,0.000128835,3
152,que su hermano es chillon o griton,0.43029892,-0.15005323,0.057325944,0.005815089,0.005397737,0.001322746,3
153,que su hermano grita mucho,0.5216429,0.66490877,0.50910157,0.501273,0.50064725,0.5004216,3
154,que su hermano grita mucho,0.5216429,0.66490877,0.50910157,0.501273,0.50064725,0.5004216,3
155,que cuando grita es que quiere algo,0.58479303,0.99542797,0.815106,0.71300906,0.708673,0.70789766,3
156,mi hermanito grita porque se eleva la pelota,0.80453837,0.9990771,0.8377172,0.8330569,0.82007116,0.818916,2
157,que su hermano grita mucho,0.5216429,0.66490877,0.50910157,0.501273,0.50064725,0.5004216,3
158,que su hermanito grita y es redondo,0.78610706,0.9999952,0.99991477,0.9999049,0.9973363,0.9923366,2
159,porque su hermano se la pasa gritando todo el tiempo,0.49017686,-0.10881367,0.06279285,-0.001390811,-9.07E-05,9.80E-05,3
160,que su hermano grita mucho,0.5216429,0.66490877,0.50910157,0.501273,0.50064725,0.5004216,3
161,que su hermano grita mucho,0.5216429,0.66490877,0.50910157,0.501273,0.50064725,0.5004216,3
162,que su hermano llora mucho,0.32829186,0.004135817,-0.024165545,-0.006690264,-0.000459008,-0.000103258,3
163,que su hermano grita mucho,0.5216429,0.66490877,0.50910157,0.501273,0.50064725,0.5004216,3
164,que llora mucho y molesta,0.6167488,0.94859684,0.8700297,-0.008973494,-0.001634337,-0.000650756,3
165,que su hermano grita muy fuerte diario,0.5985666,0.6688622,0.51081496,0.5005765,0.49969077,0.42124748,3
166,que su hermano grita mucho,0.5216429,0.66490877,0.50910157,0.501273,0.50064725,0.5004216,3
167,que su hermano grita mucho,0.5216429,0.66490877,0.50910157,0.501273,0.50064725,0.5004216,3
168,que su hermano grita mucho,0.5216429,0.66490877,0.50910157,0.501273,0.50064725,0.5004216,3
169,porque seguramente es un bebe y los bebes gritan y lloran,0.66461396,-0.11963701,0.03843303,0.03980784,-0.003379067,-0.001558329,3
170,que grita mucho,0.58479303,0.99542797,0.815106,0.71300906,0.708673,0.70789766,3
171,creo que es mi hermano pero  grita mucho,0.5216429,0.66490877,0.50910157,0.501273,0.50064725,0.5004216,3
172,que hermanito es un griton. chillon. comelon. etc.,0.64455706,0.1531826,0.49605948,0.49590418,0.4951976,0.41952085,3
173,que grita mucho,0.58479303,0.99542797,0.815106,0.71300906,0.708673,0.70789766,3
174,que el hermano es travieso y grita mucho,0.5984688,0.66187626,0.5082609,0.49771404,0.4969924,0.40886247,3
175,que su hermano grita mucho y todo lo que dice tiene que ver con pelotas,0.5668553,0.66642565,0.51683855,0.5140634,0.5044421,0.41253653,3
176,que su hermano grita y llora mucho,0.5685067,0.6778558,0.5370535,0.40754598,0.40928763,0.40896627,3
177,que mi hermanita grita,0.66486883,0.99553835,0.82306135,0.7199401,0.7154712,0.71421766,3
178,grita siempre me grita,0.58479303,0.99542797,0.815106,0.71300906,0.708673,0.70789766,3
179,que un nino llora y grita cuando no le hacen caso o algo asi,0.6672342,0.9946282,0.9027722,0.40931934,0.41045138,0.40980917,3
180,que su hermano grita mucho,0.5216429,0.66490877,0.50910157,0.501273,0.50064725,0.5004216,3
181,que su hermano grita mucho,0.5216429,0.66490877,0.50910157,0.501273,0.50064725,0.5004216,3
182,que su hermano es muy enojon,0.3113681,-0.040654063,-0.08462998,-0.001760922,0.00051738,0.000943292,3
183,que su hermano grita,0.5216429,0.66490877,0.50910157,0.501273,0.50064725,0.5004216,3
184,porque es muy escandalosa,0.15648094,0,0,0,0,0,3
185,que se la pasa gritando,0.5433742,-0.5132432,0.15322389,-0.000150247,-5.30E-05,0.000148974,3
186,grita mucho,0.58479303,0.99542797,0.815106,0.71300906,0.708673,0.70789766,3
187,que su hermano siempre esta gritando,0.45310497,-0.08828074,0.0218627,-0.003427502,-0.000319723,-0.000449769,3
188,que es un griton,0.357207,-0.5156076,0.17928916,0.003836334,0.000225902,0.000128835,3
189,porque llora y grita y hace berrinches,0.580693,0.99443126,0.8425196,0.50131065,0.50010616,0.49014592,3
190,mi hermanito es un nino que es de lo mejor de lo mejor,0.64540523,0.9151232,0.6936945,0.50349283,0.5010077,0.50059026,3
191,porque grita muchas veces,0.58479303,0.99542797,0.815106,0.71300906,0.708673,0.70789766,3
192,mi hermano es un griton,0.33011976,-0.14948976,0.051427737,0.001171693,0.000101462,6.22E-05,3
193,que su hermano es chico y todavia no puede razonar y todo lo resuelve a gritos ,0.44186503,-0.040760666,-0.054402985,0.02827813,0.000935406,-7.38E-05,3
194,que mi hermana es una persona de gritos,0.5966846,0.7264649,0.07540363,0.023980184,-0.001100254,0.000125059,3
195,que su hermana todo el tiempo grita,0.6899859,0.9958532,0.81491196,0.70420796,0.6812233,0.5007407,3
196,que mi hermano grita mucho,0.5216429,0.66490877,0.50910157,0.501273,0.50064725,0.5004216,3
197,que su hermano grita mucho,0.5216429,0.66490877,0.50910157,0.501273,0.50064725,0.5004216,3
198,que llora y grita mucho,0.6082816,0.99488807,0.83772904,0.5005956,0.50180143,0.50112516,3
199,no es una pelota de gritos es namas una pelota para jugar.,0.48383367,0.46012124,0.044078123,0.003958643,0.001310453,0.000106364,1
200,que mi hermanito esta triste ,0.62923944,0.8725033,0.6919663,0.70744383,0.7068937,0.7066524,3
201,que mi hermano pequeno grita muchisimo,0.64103866,0.6661516,0.51981115,0.50973713,0.42820716,0.41161528,3
202,que mi hermanito grita mucho,0.8323351,0.99999994,1,1,1,1,3
203,porque su hermano grita mucho o todo el dia,0.5216429,0.66490877,0.50910157,0.501273,0.50064725,0.5004216,3
204,que mi hermano nunca deja de gritar,0.45982927,-0.061121434,-0.0690834,0.002486989,8.20E-05,-0.000151397,3
205,que llora. que grita,0.6082816,0.99488807,0.83772904,0.5005956,0.50180143,0.50112516,3
206,que el hermanito bebe siempre grita,0.7659948,0.9999902,0.9999561,0.9979979,0.91148067,0.82390463,3
207,mi hermano grita mucho,0.5216429,0.66490877,0.50910157,0.501273,0.50064725,0.5004216,3
208,porque todo tiene que ser una pelota,0.40923604,0.5306839,0.04140625,-0.010899864,0.002403207,0.001123399,1
209,que mi hermano grita mucho,0.5216429,0.66490877,0.50910157,0.501273,0.50064725,0.5004216,3
210,mi hermano se la pasa gritando,0.49017686,-0.10881367,0.06279285,-0.001390811,-9.07E-05,9.80E-05,3
211,que los ninos chicos gritan mucho,0.5881612,-0.47611332,-0.14175798,-0.011657391,0.000900736,3.21E-05,3
212,porque es latoso,0.5311873,-0.4662516,0.37240872,0.45147085,0.38341346,0.000738092,3
213,no para de gritar. o sea yo ,0.511367,-0.4759286,0.06437596,0.001832273,0.000335051,0.001115969,3
214,que mi hermanito grita mucho,0.8323351,0.99999994,1,1,1,1,3
215,bueno si es bebe si y  si no tambiengrita y grita,0.6059413,0.9950042,0.8245461,0.7319771,0.60582817,0.50756854,2
216,que su hermano es griton ,0.33011976,-0.14948976,0.051427737,0.001171693,0.000101462,6.22E-05,3
217,0,0,0,0,0,0,0,0
218,que su hermano es griton ,0.33011976,-0.14948976,0.051427737,0.001171693,0.000101462,6.22E-05,3
219,que su hermano es griton ,0.33011976,-0.14948976,0.051427737,0.001171693,0.000101462,6.22E-05,3
220,porque grita mucho,0.58479303,0.99542797,0.815106,0.71300906,0.708673,0.70789766,3
221,NS,0,0,0,0,0,0,1
222,porque cuando quiere algo y no se lo das empieza a llorar y gritar,0.5585532,-0.476603,0.15985462,0.007439949,9.25E-05,-0.000500351,3
223,que su hermano es griton ,0.33011976,-0.14948976,0.051427737,0.001171693,0.000101462,6.22E-05,3
224,que su hermano es griton ,0.33011976,-0.14948976,0.051427737,0.001171693,0.000101462,6.22E-05,3
225,su hermano es un nino muy griton,0.47993064,-0.12298775,0.1209752,-0.002724886,5.49E-05,0.000255451,3
226,porque grita mucho,0.58479303,0.99542797,0.815106,0.71300906,0.708673,0.70789766,3
227,que su hermano es griton ,0.33011976,-0.14948976,0.051427737,0.001171693,0.000101462,6.22E-05,3
228,que su hermano es griton ,0.33011976,-0.14948976,0.051427737,0.001171693,0.000101462,6.22E-05,3
229,que su hermano es griton ,0.33011976,-0.14948976,0.051427737,0.001171693,0.000101462,6.22E-05,3
230,que es una pelota de gritos,0.49769545,0.40505975,0.04858302,0.01812303,0.003198184,0.001409829,1
231,que su hermano es griton,0.33011976,-0.14948976,0.051427737,0.001171693,0.000101462,6.22E-05,3
232,que su hermano es griton*,0.33011976,-0.14948976,0.051427737,0.001171693,0.000101462,6.22E-05,3
233,es una pelota muy gritos,0.49769545,0.40505975,0.04858302,0.01812303,0.003198184,0.001409829,1
234,que su hermano es griton*,0.33011976,-0.14948976,0.051427737,0.001171693,0.000101462,6.22E-05,3
235,no ,0,0,0,0,0,0,1
236,que su hermano es griton*,0.33011976,-0.14948976,0.051427737,0.001171693,0.000101462,6.22E-05,3
237,que su hermano es griton *,0.33011976,-0.14948976,0.051427737,0.001171693,0.000101462,6.22E-05,3
238,que su hermano es griton ,0.33011976,-0.14948976,0.051427737,0.001171693,0.000101462,6.22E-05,3
239,que su hermano es griton ,0.33011976,-0.14948976,0.051427737,0.001171693,0.000101462,6.22E-05,3
240,que su hermano es griton *,0.33011976,-0.14948976,0.051427737,0.001171693,0.000101462,6.22E-05,3
241,que su hermano es griton*,0.33011976,-0.14948976,0.051427737,0.001171693,0.000101462,6.22E-05,3
242,que su hermano es griton*,0.33011976,-0.14948976,0.051427737,0.001171693,0.000101462,6.22E-05,3
243,que su hermano es griton*,0.33011976,-0.14948976,0.051427737,0.001171693,0.000101462,6.22E-05,3
244,que su hermano es griton*,0.33011976,-0.14948976,0.051427737,0.001171693,0.000101462,6.22E-05,3
245,que su hermano es griton*,0.33011976,-0.14948976,0.051427737,0.001171693,0.000101462,6.22E-05,3
246,que su hermano es griton*,0.33011976,-0.14948976,0.051427737,0.001171693,0.000101462,6.22E-05,3
247,que su hermano es griton*,0.33011976,-0.14948976,0.051427737,0.001171693,0.000101462,6.22E-05,3
248,que su hermano es griton*,0.33011976,-0.14948976,0.051427737,0.001171693,0.000101462,6.22E-05,3
249,que su hermano es griton*,0.33011976,-0.14948976,0.051427737,0.001171693,0.000101462,6.22E-05,3
250,que mi hermanito tiene una pelota de gritos,0.65185654,0.99260384,0.38317615,0.43624705,0.41112018,0.40943938,2
251,que su hermano es griton*,0.33011976,-0.14948976,0.051427737,0.001171693,0.000101462,6.22E-05,3
252,que su hermano es griton*,0.33011976,-0.14948976,0.051427737,0.001171693,0.000101462,6.22E-05,3
253,un hermanito chiquito es un bebe que llora por comida. leche o que le cambien el panal.,0.6485841,0.94227695,0.725598,0.49156445,0.44598624,0.3819968,3
254,su hermano grita mucho,0.5216429,0.66490877,0.50910157,0.501273,0.50064725,0.5004216,3
255,los ninos pequenos gritan mucho *,0.6298965,-0.47538817,-0.17646095,-0.010092862,0.00080947,-0.000551991,3
256,que grita mucho,0.58479303,0.99542797,0.815106,0.71300906,0.708673,0.70789766,3
257,su hermano grita mucho *,0.5216429,0.66490877,0.50910157,0.501273,0.50064725,0.5004216,3
258,mi hermano grita mucho,0.5216429,0.66490877,0.50910157,0.501273,0.50064725,0.5004216,3
259,que su hermano es gordito como una pelota y que su hermano grita mucho,0.55092955,0.4161646,0.298557,0.29411408,0.26932937,0.2682902,3
260,que su hermanito grita mucho,0.8323351,0.99999994,1,1,1,1,3
261,que su hermanito grita mucho,0.8323351,0.99999994,1,1,1,1,3
262,que el grita mucho,0.58479303,0.99542797,0.815106,0.71300906,0.708673,0.70789766,3
263,es que su hermanito es igual a una pelota que grita mucho,0.80453837,0.9990771,0.8377172,0.8330569,0.82007116,0.818916,3
264,porque grita mucho. pero te agrega pelota,0.67401385,0.9899199,0.63628876,0.5087837,0.5054569,0.5035176,2
265,que su hermano grita mucho *,0.5216429,0.66490877,0.50910157,0.501273,0.50064725,0.5004216,3
266,que grita mucho,0.58479303,0.99542797,0.815106,0.71300906,0.708673,0.70789766,3
267,que su hermano llora mucho *,0.32829186,0.004135817,-0.024165545,-0.006690264,-0.000459008,-0.000103258,3
268,que su hermano grita mucho *,0.5216429,0.66490877,0.50910157,0.501273,0.50064725,0.5004216,3
269,mi hermano grita mucho *,0.5216429,0.66490877,0.50910157,0.501273,0.50064725,0.5004216,3
270,que su hermano grita mucho *,0.5216429,0.66490877,0.50910157,0.501273,0.50064725,0.5004216,3
271,que su hermano grita mucho *,0.5216429,0.66490877,0.50910157,0.501273,0.50064725,0.5004216,3
272,qu tu hermano grita mucho*,0.5216429,0.6621336,0.50842416,0.49985832,0.49891382,0.45198262,3
273,mi hermano grita mucho,0.5216429,0.66490877,0.50910157,0.501273,0.50064725,0.5004216,3
274,que grita mucho*,0.58479303,0.99542797,0.815106,0.71300906,0.708673,0.70789766,3
275,que grita mucho*,0.58479303,0.99542797,0.815106,0.71300906,0.708673,0.70789766,3
276,que su hermano grita mucho *,0.5216429,0.66490877,0.50910157,0.501273,0.50064725,0.5004216,3
277,que su hermano llora mucho *,0.32829186,0.004135817,-0.024165545,-0.006690264,-0.000459008,-0.000103258,3
278,que su hermano grita mucho *,0.5216429,0.66490877,0.50910157,0.501273,0.50064725,0.5004216,3
279,mi hermano grita mucho,0.5216429,0.66490877,0.50910157,0.501273,0.50064725,0.5004216,3
280,mi hermano grita mucho,0.5216429,0.66490877,0.50910157,0.501273,0.50064725,0.5004216,3
281,mi hermano grita mucho,0.5216429,0.66490877,0.50910157,0.501273,0.50064725,0.5004216,3
282,mi hermano grita mucho,0.5216429,0.66490877,0.50910157,0.501273,0.50064725,0.5004216,3
283,mi hermano grita mucho,0.5216429,0.66490877,0.50910157,0.501273,0.50064725,0.5004216,3
284,mi hermano grita mucho,0.5216429,0.66490877,0.50910157,0.501273,0.50064725,0.5004216,3
285,mi hermano grita mucho,0.5216429,0.66490877,0.50910157,0.501273,0.50064725,0.5004216,3
286,mi hermano grita mucho,0.5216429,0.66490877,0.50910157,0.501273,0.50064725,0.5004216,3
287,mi hermano grita mucho,0.5216429,0.66490877,0.50910157,0.501273,0.50064725,0.5004216,3
288,mi hermano grita mucho,0.5216429,0.66490877,0.50910157,0.501273,0.50064725,0.5004216,3
289,mi hermano grita mucho,0.5216429,0.66490877,0.50910157,0.501273,0.50064725,0.5004216,3
290,mi hermano grita mucho,0.5216429,0.66490877,0.50910157,0.501273,0.50064725,0.5004216,3
291,mi hermano grita mucho,0.5216429,0.66490877,0.50910157,0.501273,0.50064725,0.5004216,3
292,mi hermano grita mucho,0.5216429,0.66490877,0.50910157,0.501273,0.50064725,0.5004216,3
293,mi hermano grita mucho,0.5216429,0.66490877,0.50910157,0.501273,0.50064725,0.5004216,3
294,mi hermano grita mucho,0.5216429,0.66490877,0.50910157,0.501273,0.50064725,0.5004216,3
295,mi hermano grita mucho,0.5216429,0.66490877,0.50910157,0.501273,0.50064725,0.5004216,3
296,mi hermano grita mucho,0.5216429,0.66490877,0.50910157,0.501273,0.50064725,0.5004216,3
297,mi hermano grita mucho,0.5216429,0.66490877,0.50910157,0.501273,0.50064725,0.5004216,3
298,mi hermano grita mucho,0.5216429,0.66490877,0.50910157,0.501273,0.50064725,0.5004216,3
299,mi hermano grita mucho,0.5216429,0.66490877,0.50910157,0.501273,0.50064725,0.5004216,3
300,mi hermano grita mucho,0.5216429,0.66490877,0.50910157,0.501273,0.50064725,0.5004216,3
301,NS,0,0,0,0,0,0,1
302,mi hermano grita mucho,0.5216429,0.66490877,0.50910157,0.501273,0.50064725,0.5004216,3
303,mi hermano grita mucho,0.5216429,0.66490877,0.50910157,0.501273,0.50064725,0.5004216,3
304,mi hermano grita mucho,0.5216429,0.66490877,0.50910157,0.501273,0.50064725,0.5004216,3
305,mi hermano tiene una pelota de gritos,0.4533493,-0.007484943,-0.011129171,0.012889246,0.002554881,0.001125701,1
306,mi hermano grita mucho,0.5216429,0.66490877,0.50910157,0.501273,0.50064725,0.5004216,3
307,mi hermano grita mucho,0.5216429,0.66490877,0.50910157,0.501273,0.50064725,0.5004216,3
308,mi hermanito tiene una pelota de gritos,0.65185654,0.99260384,0.38317615,0.43624705,0.41112018,0.40943938,1
309,es una presion,0,0,0,0,0,0,2
310,la pelota tiene gritos,0.49769545,0.40505975,0.04858302,0.01812303,0.003198184,0.001409829,1
311,mi hermano grita mucho,0.5216429,0.66490877,0.50910157,0.501273,0.50064725,0.5004216,3
312,mi hermano grita mucho,0.5216429,0.66490877,0.50910157,0.501273,0.50064725,0.5004216,3
313,mi hermano grita mucho,0.5216429,0.66490877,0.50910157,0.501273,0.50064725,0.5004216,3
314,que su hermana es una pelota de gritos,0.58193195,0.5098972,0.050989818,0.016939051,-0.00173787,0.000717633,1
315,que su hermano grita mucho *,0.5216429,0.66490877,0.50910157,0.501273,0.50064725,0.5004216,3
316,que su hermano grita mucho ,0.5216429,0.66490877,0.50910157,0.501273,0.50064725,0.5004216,3
317,que su hermano es una pelota y que grita,0.60425675,0.6598271,0.44950983,0.41227862,0.4118954,0.41047364,2
318,que grita mucho,0.58479303,0.99542797,0.815106,0.71300906,0.708673,0.70789766,3
319,porque grita cada rato,0.6714142,0.9952711,0.8226125,0.7058833,0.64399064,0.5081346,3
320,que grita mucho,0.58479303,0.99542797,0.815106,0.71300906,0.708673,0.70789766,3
321,que su hermano grita mucho,0.5216429,0.66490877,0.50910157,0.501273,0.50064725,0.5004216,3
322,que su hermano grita o llora mucho*,0.5685067,0.6778558,0.5370535,0.40754598,0.40928763,0.40896627,3
323,qu su hermano grita mucho*,0.5216429,0.6621336,0.50842416,0.49985832,0.49891382,0.45198262,3
324,fer rovin,0,0,0,0,0,0,1
325,que grita,0.58479303,0.99542797,0.815106,0.71300906,0.708673,0.70789766,3
326,que es gritona,0.24782684,-0.4625459,-0.2740041,-0.019511063,-0.015808148,-0.000904816,3
327,que su hermano grita mucho,0.5216429,0.66490877,0.50910157,0.501273,0.50064725,0.5004216,3
328,que su hermano grita,0.5216429,0.66490877,0.50910157,0.501273,0.50064725,0.5004216,3
329,que grita mucho*,0.58479303,0.99542797,0.815106,0.71300906,0.708673,0.70789766,3
330,que su hermano es una pelota y grita para que lo ayuden,0.62165046,0.6598271,0.44950983,0.41227862,0.4118954,0.41047364,3
331,que grita mucho*,0.58479303,0.99542797,0.815106,0.71300906,0.708673,0.70789766,0
332,el nino siempre esta gritando,0.6204053,-0.227334,0.25926232,-0.006738182,-0.000296604,-0.000169996,3
333,que esta gordito y grita mucho,0.6558389,0.99516606,0.84843904,0.7038979,0.5025464,0.5018801,3
334,que el hermanito grita todo el dia*,0.8323351,0.99999994,1,1,1,1,3
335,que su hermano grita mucho,0.5216429,0.66490877,0.50910157,0.501273,0.50064725,0.5004216,3
336,es decir. que grita el hermanitp y la pelota,0.67401385,0.9899199,0.63628876,0.5087837,0.5054569,0.5035176,2
337,que su hermano grita mucho*,0.5216429,0.66490877,0.50910157,0.501273,0.50064725,0.5004216,3
338,mi hermano grita mucho*,0.5216429,0.66490877,0.50910157,0.501273,0.50064725,0.5004216,3
339,porque es gordito y grita mucho*,0.6558389,0.99516606,0.84843904,0.7038979,0.5025464,0.5018801,3
340,que grita mucho,0.58479303,0.99542797,0.815106,0.71300906,0.708673,0.70789766,3
341,mi hermano grita mucho*,0.5216429,0.66490877,0.50910157,0.501273,0.50064725,0.5004216,3
342,que grita mucho*,0.58479303,0.99542797,0.815106,0.71300906,0.708673,0.70789766,3
343,que grita mucho todo el tiempo. es porque esta feliz,0.6360364,0.99542797,0.815106,0.71300906,0.708673,0.70789766,3
344,a mi me gusta jugar futbol con la pelota porque suena,0.58044624,0.5149928,0.034460563,-0.02059824,-0.008002646,-0.001154926,2
345,mi hermano grita mucho,0.5216429,0.66490877,0.50910157,0.501273,0.50064725,0.5004216,3
346,que cuando quiere algo grita o cuando juega grita mucho,0.6174722,0.9955404,0.8180228,0.70508695,0.7020444,0.64668775,3
347,porque es muy griton. muy latoso.,0.5584624,-0.5148884,0.18331827,0.012331963,0.009298831,0.000613183,3
348,que su hermano grita mucho*,0.5216429,0.66490877,0.50910157,0.501273,0.50064725,0.5004216,3
349,que su hermano grita mucho,0.5216429,0.66490877,0.50910157,0.501273,0.50064725,0.5004216,3
350,que su hermano grita mucho,0.5216429,0.66490877,0.50910157,0.501273,0.50064725,0.5004216,3
351,que como su hermanito grita mucho. tiene una pelota de gritos,0.78995156,0.9982555,0.7416452,0.7457694,0.7110681,0.70902103,2
352,porque grita mucho y la pelota al rebotar suena,0.67401385,0.9902966,0.6177621,0.4879873,0.48134622,0.43891615,2
353,mi hermano grita mucho*,0.5216429,0.66490877,0.50910157,0.501273,0.50064725,0.5004216,3
354,mi hermano grita mucho*,0.5216429,0.66490877,0.50910157,0.501273,0.50064725,0.5004216,3
355,que siempre grita,0.58479303,0.99542797,0.815106,0.71300906,0.708673,0.70789766,3
356,chilla mucho cuando no tiene lo que quiere,0.53725517,0.46122682,0.037388176,0.15310349,-0.001660016,7.45E-07,3
357,que grita mucho,0.58479303,0.99542797,0.815106,0.71300906,0.708673,0.70789766,3
358,que su hermanito es muy griton,0.63075066,0.17129984,0.49817607,0.49884492,0.49915034,0.49933305,3
359,que siempre esta gritando,0.5244153,-0.51134896,0.14512928,-0.002803262,-0.00037792,-0.000597566,3
360,que tiene muchos granos ***,0,0,0,0,0,0,1
361,mi hermano grita mucho,0.5216429,0.66490877,0.50910157,0.501273,0.50064725,0.5004216,3
362,que grita mucho y es muy travieso,0.6265745,0.994612,0.8160816,0.7102293,0.704049,0.5010719,3
363,que hace mucho berrinche o emocion,0.32395297,0.9140786,0.4489746,0.04583741,0.01198182,-5.62E-05,3
364,mi hermano grita mucho o simplemente llora mucho*,0.60891455,0.67555195,0.5397084,0.4066634,0.40746343,0.40449145,3
365,que su hermano esta gordito y grita mucho,0.597332,0.6695147,0.53677595,0.5090457,0.40996924,0.40943435,3
366,al decir pelota puede que sea que brinca mucho y grita,0.7043188,0.9896648,0.6304668,0.50348043,0.5011851,0.49847376,1
367,porque no le gusta que rebote la pelota,0.58044624,0.47919723,0.03767071,-0.015327595,-0.003712185,-0.000153199,1
368,que su hermano grita mucho*,0.5216429,0.66490877,0.50910157,0.501273,0.50064725,0.5004216,3
369,que llora de todo porque es muy pequeno,0.4469267,0.9581165,0.8983821,0.009973023,0.000451207,0.000368707,3
370,mi hermanito grita mucho,0.8323351,0.99999994,1,1,1,1,3
371,porque reganan mucho los hemanos,0.39523876,-0.61370903,-0.09270778,0.008171887,0.006348255,0.001932973,3
372,su hermano grita mucho*,0.5216429,0.66490877,0.50910157,0.501273,0.50064725,0.5004216,3
373,mi hermano grita mucho*,0.5216429,0.66490877,0.50910157,0.501273,0.50064725,0.5004216,3
374,es porque siempre grita,0.58479303,0.99542797,0.815106,0.71300906,0.708673,0.70789766,3
375,que su hermano grita mucho,0.5216429,0.66490877,0.50910157,0.501273,0.50064725,0.5004216,3
376,mi hermano grita mucho*,0.5216429,0.66490877,0.50910157,0.501273,0.50064725,0.5004216,3
377,que grita mucho,0.58479303,0.99542797,0.815106,0.71300906,0.708673,0.70789766,3
378,su hermano es griton*,0.33011976,-0.14948976,0.051427737,0.001171693,0.000101462,6.22E-05,3
379,que su hermanito tiene guardado muchos gritos,0.6519906,0.91220653,0.60657537,0.6293448,0.5035955,0.50190413,3
380,mi hermano grita mucho*,0.5216429,0.66490877,0.50910157,0.501273,0.50064725,0.5004216,3
381,que su hermano grita mucho,0.5216429,0.66490877,0.50910157,0.501273,0.50064725,0.5004216,3
382,que su hermano es griton*,0.33011976,-0.14948976,0.051427737,0.001171693,0.000101462,6.22E-05,3
383,que mi hermano es muy escandaloso,0.2716431,-0.04945445,-0.089362964,-0.004715074,-0.004454553,-9.37E-05,3
384,que su hermano grita mucho*,0.5216429,0.66490877,0.50910157,0.501273,0.50064725,0.5004216,3
385,que su hermano grita mucho,0.5216429,0.66490877,0.50910157,0.501273,0.50064725,0.5004216,3
386,puedes decir que su hermanito es algo gordito y grita mucho,0.7950882,0.99999344,0.9993205,0.9965866,0.818744,0.818235,3
387,que su hermano a cada rato grita,0.63090134,0.6666465,0.51533705,0.5011588,0.47813365,0.41300437,3
388,que grita mucho y llora,0.6082816,0.99488807,0.83772904,0.5005956,0.50180143,0.50112516,3
389,quiere decir que el hermano grita constantemente,0.6818073,0.6625875,0.508497,0.5002865,0.4979454,0.49649978,3
390,que mi hermano menor grita todo el tiempo,0.59977597,0.66407895,0.5066729,0.5000041,0.49947488,0.40897202,3
391,que mi hermano grita mucho,0.5216429,0.66490877,0.50910157,0.501273,0.50064725,0.5004216,3
392,que su hermanito es el que grita mas en su casa,0.80114126,0.99998736,0.9999039,0.99980927,0.9996997,0.998611,3
393,que su hermano grita mucho,0.5216429,0.66490877,0.50910157,0.501273,0.50064725,0.5004216,3
394,que mi hermano es griton*,0.33011976,-0.14948976,0.051427737,0.001171693,0.000101462,6.22E-05,3
395,porque no para de gritar,0.511367,-0.4759286,0.06437596,0.001832273,0.000335051,0.001115969,3
396,que grita sin parar con una pelota,0.5832647,0.9900814,0.63606054,0.5034852,0.49969065,0.4472569,2
397,que los ninos chiquitos hacen mucho berrinche,0.57183826,-0.2288703,0.057972487,0.000979545,0.006943288,-0.000721713,3
398,que su hermano es muy griton*,0.33011976,-0.14948976,0.051427737,0.001171693,0.000101462,6.22E-05,3
399,que su hermanito grita demasiado,0.8323351,0.99999994,1,1,1,1,3
400,mi hermanito es muy griton,0.63075066,0.17129984,0.49817607,0.49884492,0.49915034,0.49933305,3
401,que grita mucho,0.58479303,0.99542797,0.815106,0.71300906,0.708673,0.70789766,3
402,mi hermanito es de berrinches,0.55162436,0.8825351,0.6904768,0.70163614,0.69566035,0.67019546,3
403,que su hermano grita mucho*,0.5216429,0.66490877,0.50910157,0.501273,0.50064725,0.5004216,3
404,que su hermano grita mucho,0.5216429,0.66490877,0.50910157,0.501273,0.50064725,0.5004216,3
405,mi hermano brinca mucho y llora de a gritos,0.5280012,0.004226148,0.000981403,0.013869144,-0.000540383,-0.001232497,3
406,que grita mucho*,0.58479303,0.99542797,0.815106,0.71300906,0.708673,0.70789766,3
407,es como si su pelota hace mucho ruido por eso dice. es una pelota de gritos,0.48993617,0.46190074,0.04812381,0.008192234,0.003252991,0.00147289,2
408,porque mi hermanito es gordo de muchos gritos,0.5895643,0.93059784,0.6095626,0.6339054,0.41896245,0.41085052,3
409,que su hermano siempre esta gritando y saltando,0.58269733,-0.08828074,0.0218627,-0.003427502,-0.000319723,-0.000449769,3
410,que su hermano grita mucho,0.5216429,0.66490877,0.50910157,0.501273,0.50064725,0.5004216,3
411,quiere decir que su hermanito grita mucho en casa,0.80114126,0.99998736,0.9999039,0.99980927,0.9996997,0.998611,3
412,que a su hermano le gustan los gritos,0.4267524,-0.043441027,-0.05620326,0.027511181,0.000473052,-0.000596214,2
413,que su hermano grita mucho,0.5216429,0.66490877,0.50910157,0.501273,0.50064725,0.5004216,3
414,que el hermano es ruidoso,0.27336535,-0.04174477,-0.07999456,0.006298203,0.00239992,0.000319695,3
415,que es una persona que no para de gritar,0.5918713,-0.031501412,0.104884505,-0.003039349,0.002710313,0.000846354,3
416,que su hermano grita mucho*,0.5216429,0.66490877,0.50910157,0.501273,0.50064725,0.5004216,3
417,su hermano grita mucho*,0.5216429,0.66490877,0.50910157,0.501273,0.50064725,0.5004216,3
418,su hermano es griton*,0.33011976,-0.14948976,0.051427737,0.001171693,0.000101462,6.22E-05,3
419,que su hermanito cuando llora. grita,0.7636749,0.9999663,0.9998965,0.8195754,0.8176248,0.81710565,3
420,mi hermano grita mucho*,0.5216429,0.66490877,0.50910157,0.501273,0.50064725,0.5004216,3
421,creo que quiere decir que mi hermano grita mucho pero la parte de la pelota no la entiendo,0.61502165,0.659259,0.44530115,0.4070737,0.40436304,0.39953715,2
422,quiere decir que su hermano grita mucho,0.5216429,0.66490877,0.50910157,0.501273,0.50064725,0.5004216,3
423,el hermano siempre esta gritando como una pelota que siempre rebota,0.5751339,-0.05507326,0.04295144,-0.009614421,0.0011682,0.000206044,3
424,porque mi hermanito es muy latoso,0.71205497,0.8783062,0.68855613,0.70511484,0.70444584,0.49943376,2
425,que su hermano grita mucho,0.5216429,0.66490877,0.50910157,0.501273,0.50064725,0.5004216,3
426,mi hermano grita mucho*,0.5216429,0.66490877,0.50910157,0.501273,0.50064725,0.5004216,3
427,que no para de llorar ni  quejarse y llorar y a cada rato esta gritando,0.57870805,-0.45624477,0.16904427,0.01548231,0.001277383,0.000251705,3
428,por que hace mucho ruido,0.23722401,0.48542637,0.13850747,0.08289279,0.001031524,0.000496015,3
429,"que es un hermano que grita mucho, mas de lo normal :v",0.5871836,0.66490877,0.50910157,0.501273,0.50064725,0.5004216,3
430,que es una persona gritona,0.49405435,0.4364624,-0.07514648,-0.010276618,-0.002083743,-0.000573977,3
431,porque el nino grita mucho,0.67964834,0.99515414,0.8884622,0.50297177,0.5022851,0.5018149,3
432,es muy griton,0.357207,-0.5156076,0.17928916,0.003836334,0.000225902,0.000128835,3
433,que grita todo el tiempo,0.58479303,0.99542797,0.815106,0.71300906,0.708673,0.70789766,3
434,que su hermano es un griton,0.33011976,-0.14948976,0.051427737,0.001171693,0.000101462,6.22E-05,3
435,porque su hermanito sube demasiado la voz,0.6775881,0.8724249,0.69281554,0.70721173,0.704022,0.69761646,3
436,se refiere a que el hermano grita y el poeta ve a mundo como pelotas,0.6439608,0.66433346,0.5205157,0.513062,0.39728525,0.35736564,3
437,porque talves su hermano grita mucho,0.5216429,0.66490877,0.50910157,0.501273,0.50064725,0.5004216,3
438,por el grita,0.58479303,0.99542797,0.815106,0.71300906,0.708673,0.70789766,3
439,que no se esta en silencio jajajajaja,0.36478353,0,0,0,0,0,3
440,que su hermano puede gritar por que no tiene una pelota de pelos,0.57068765,-0.029747367,-0.031200256,-0.00888763,-0.0002313,-0.002814878,3
441,como esta pequeno da lata,0.4171305,0.9359093,0.69918305,0.16480622,-0.000360582,-0.001063352,3
442,que es bien yoron,0.22761625,0,0,0,0,0,3
443,cuando al hermano no le compran nada se pone gritar,0.5282761,-0.059550643,-0.07610418,-0.001386957,-0.000767227,0.000193696,3
444,que su hermano es una pelota que grita,0.60425675,0.6598271,0.44950983,0.41227862,0.4118954,0.41047364,3
445,que grita mucho,0.58479303,0.99542797,0.815106,0.71300906,0.708673,0.70789766,3
446,que abla mucho o grita,0.66067064,0.99542797,0.815106,0.71300906,0.708673,0.70789766,3
447,que la nina se la pasa llorando o asiendo berrinche :v,0.56887174,-0.4930149,0.1723801,0.002485305,0.002077376,0.000507245,3
448,por que grita mucho,0.58479303,0.99542797,0.815106,0.71300906,0.708673,0.70789766,3
449,que grita mucho,0.58479303,0.99542797,0.815106,0.71300906,0.708673,0.70789766,3
450,de que su hermano grita mucho,0.5216429,0.66490877,0.50910157,0.501273,0.50064725,0.5004216,3
451,por que grita,0.58479303,0.99542797,0.815106,0.71300906,0.708673,0.70789766,3
452,por que no habla en voz baja,0.56864583,0.8686036,0.7355459,0.31644994,0.11170106,0.053699024,3
453,por que grita mucho,0.58479303,0.99542797,0.815106,0.71300906,0.708673,0.70789766,3
454,mi hermanito grita mucho,0.8323351,0.99999994,1,1,1,1,3
455,es gordito y grita mucho,0.6558389,0.99516606,0.84843904,0.7038979,0.5025464,0.5018801,3
456,por que el el hermano es u nino pequeno,0.47175202,0.001358211,0.042687286,0.006289028,0.000621491,0.000543756,3
457,que hay muchos gritos,0.39712816,-0.04560846,0.06525315,0.07751672,0.00214906,0.000879943,3
458,que exagera al hacer berrinche,0.4389023,0.9140786,0.4489746,0.04583741,0.01198182,-5.62E-05,3
459,nolo se xd,0,0,0,0,0,0,1
460,que llora mucho :v,0.3590144,0.97476524,0.941955,-0.007308953,-0.000567809,-0.000105321,3
461,grita,0.58479303,0.99542797,0.815106,0.71300906,0.708673,0.70789766,3
462,por que es dibertido,0.2510714,0,0,0,0,0,3
463,que cada q lo tocan hace un grito,0,-0.47494823,-0.50581026,-0.0475038,-0.000729237,-0.000472375,2
464,que su hermanito tiene muchas energias para gritar,0.6985847,0.93054724,0.66649246,0.50945675,0.508703,0.5030255,3
465,que mi hermanito no para de gritar,0.688523,0.93054724,0.66649246,0.50945675,0.508703,0.5030255,3
466,que su hermano grita mucho,0.5216429,0.66490877,0.50910157,0.501273,0.50064725,0.5004216,3
467,que su hermano es alguien que grita mucho,0.5576285,0.6621028,0.50955135,0.49516097,0.48458773,0.41586703,3
468,q cuando le pegan el se pone a gritar,0.6011555,-0.477089,0.042162046,0.000171371,-0.000995014,0.000302035,2
469,porque se la pasa gritando el pensativo ajajjajaj,0.5433742,-0.5132432,0.15322389,-0.000150247,-5.30E-05,0.000148974,2
470,que grita mucho,0.58479303,0.99542797,0.815106,0.71300906,0.708673,0.70789766,2
471,mi hermano etsa muy gordo y se la pasa gritando.,0.46553016,-0.09988609,0.07741828,0.009283695,0.001369745,0.000209961,1
472,si porque frita mucho,0,0,0,0,0,0,1
473,que enpieza a gritar,0.511367,-0.4759286,0.06437596,0.001832273,0.000335051,0.001115969,1
474,por que chilla mucho,0.53725517,0.46122682,0.037388176,0.15310349,-0.001660016,7.45E-07,1
475,no,0,0,0,0,0,0,1
476,que mi hermano en redondo y grita mucho,0.56483823,0.6645656,0.5137783,0.50710964,0.50474167,0.5022047,1
477,porque los hermanos lloran mucho,0.47284687,-0.45565844,-0.0864361,-0.04405912,-0.017742828,-0.00014477,1
478,no,0,0,0,0,0,0,1
479,qu su hermano se la pasa gritando osea es un desastroso,0.5242631,-0.10952288,0.06381308,-0.001319088,-0.000436395,-9.97E-05,3
480,explica que el hermano grita mucho e inquieto,0.5885204,0.6591112,0.50299287,0.49679643,0.4955786,0.4124123,3
481,13fg,0,0,0,0,0,0,0
482,es griton,0.357207,-0.5156076,0.17928916,0.003836334,0.000225902,0.000128835,3
483,que su hermanito es gordo y grita mucho,0.7505286,0.9999882,0.99971795,0.9983213,0.83464575,0.8207096,3
484,se refiere a que el hermanito siempre grita,0.8365584,0.9999118,0.99990445,0.98167413,0.8360371,0.8221354,3
485,por que su hermano solo grita,0.5216429,0.66490877,0.50910157,0.501273,0.50064725,0.5004216,3
486,que su hermano chico grita mucho o habla mucho,0.5418121,0.6627966,0.50658345,0.50040054,0.49836528,0.49767888,3
487,"que grita, o llora mucho por eso es una pelota de gritos",0.65907854,0.9867062,0.5680321,0.37701285,0.35805485,0.35596913,3
488,que su hermano no se para de quejar a cada rato anda gritando,0.54569757,-0.08396694,0.032214466,-0.001715001,-0.001070384,0.000138368,3
489,que es un nino que grita mucho,0.67964834,0.99515414,0.8884622,0.50297177,0.5022851,0.5018149,3
490,por que el grita,0.58479303,0.99542797,0.815106,0.71300906,0.708673,0.70789766,3
491,que su hermano puede gritar por que tiene una pelotas de pelos,0.5550229,-0.055704117,-0.066425905,0.011533735,0.010422072,-0.00203614,2
492,grita mucho,0.58479303,0.99542797,0.815106,0.71300906,0.708673,0.70789766,3
493,que es lloron,0.22761625,-0.15396896,-0.13138153,-0.03529957,-0.0313906,-0.001716498,3
494,que tiene muchos sentimientos,0,0,0,0,0,0,2
495,que grita mucho,0.58479303,0.99542797,0.815106,0.71300906,0.708673,0.70789766,3
496,que tu hermano grita mucho y me desespera creo que eso dice la frase de pelota de gritos supongo,0.6104361,0.6531358,0.40679896,0.37500238,0.34665737,0.32306612,3
497,que el siempre grita,0.58479303,0.99542797,0.815106,0.71300906,0.708673,0.70789766,3
498,por que los hermanitos son muy molestones,0,0,0,0,0,0,2
499,de que el hermano nada mas se la pasa gritando y eso molesta,0.609516,-0.11031619,0.063482285,-0.002474256,-0.000721924,-0.000224419,3
500,que su hermano grita todo el tiempo,0.5216429,0.66490877,0.50910157,0.501273,0.50064725,0.5004216,3
501,porque grita mucho,0.58479303,0.99542797,0.815106,0.71300906,0.708673,0.70789766,3
502,que es un griton,0.357207,-0.5156076,0.17928916,0.003836334,0.000225902,0.000128835,3
503,que grita mucho,0.58479303,0.99542797,0.815106,0.71300906,0.708673,0.70789766,3
504,por que esta gordo y gita,0.5093061,0.85884464,0.6203642,0.21420515,0.003049051,0.000252599,3
505,que es un ruidoso,0.29879805,-0.23715976,0.12515193,0.17669535,0.003651459,0.000494871,3
506,que da mucha lata,0.31102192,0.8964883,0.67433083,0.16213512,-0.0128364,-0.00934965,2
507,que su hermanito grita mucho,0.8323351,0.99999994,1,1,1,1,3
508,por que gryta mucho mi ermanito,0.8323351,0,0,0,0,0,3
509,por que mi hermanito grita mucho,0.8323351,0.99999994,1,1,1,1,3
510,que su hermano grita mucho,0.5216429,0.66490877,0.50910157,0.501273,0.50064725,0.5004216,3
511,que es fastidioso,0.46364325,0.66962415,-0.019805968,0,0,0,1
512,una pelota mu enojada,0.40923604,0.5306839,0.04140625,-0.010899864,0.002403207,0.001123399,1
513,no see,0,0,0,0,0,0,0
514,que es muy platicon,0,0,0,0,0,0,2
515,que es muy berrinchudo,0.2241916,0,0,0,0,0,3
516,mi hermanito es un nino de gritos,0.6524389,0.9447313,0.62293303,0.46764556,0.41088837,0.40972066,3
517,xk su hermano simpre grita,0.5543039,0.66490877,0.50910157,0.501273,0.50064725,0.5004216,3
518,que su hermano es muy gordo y grita mucho,0.48241612,0.66663563,0.5245671,0.5110693,0.4194676,0.41093174,3
519,mi hermano es muy griton,0.33011976,-0.14948976,0.051427737,0.001171693,0.000101462,6.22E-05,3
520,que es alguien muy griton,0.4519111,-0.4947878,0.18112296,-0.000732839,-0.001334876,0.001026496,3
521,el hermano es muy inquieto,0.39415604,-0.043902516,-0.08782719,-0.004838571,-0.002701398,-0.000231333,2
522,porque los ninos son muy escandalosos,0.5784737,-0.48266137,-0.24854742,-0.005152774,0.005361786,-0.000996614,3
523,la forma de expresar a un ser por medio de palabras metaforicas,0.3541841,0.952615,0.5206539,0.2441681,0.19584736,0.005657082,3
524,que su hermano es una persona que grita mucho,0.6325708,0.66886854,0.505454,0.4237279,0.4185616,0.40894145,3
525,por que grita mucho y salta mucho,0.51384664,0.99541163,0.81386876,0.7112607,0.7067349,0.7052403,3
526,tal vez por que es algo griton y molesto,0.42040187,-0.51614636,0.17975734,0.002808005,-0.000944883,-0.001022607,3
527,significa que reclama o llora mucho,0.3512686,0.9552797,0.7962744,-0.011372916,-0.005813129,-0.000636462,3
528,que el hermanito grite mucho,0.7042656,0.8725033,0.6919663,0.70744383,0.7068937,0.7066524,3
529,que se unde en el llanto,0.30212778,0,0,0,0,0,3
530,que su hermano grita mucho todo el tiempo,0.5216429,0.66490877,0.50910157,0.501273,0.50064725,0.5004216,3
531,que su hermanito grita mucho,0.8323351,0.99999994,1,1,1,1,3
532,poequ es bien griton,0.357207,-0.5156076,0.17928916,0.003836334,0.000225902,0.000128835,3
533,por que siempre grita,0.58479303,0.99542797,0.815106,0.71300906,0.708673,0.70789766,3
534,por que grita mucho,0.58479303,0.99542797,0.815106,0.71300906,0.708673,0.70789766,3
535,por que llora mucho,0.3590144,0.97476524,0.941955,-0.007308953,-0.000567809,-0.000105321,3
536,es un nino que se la pasa gritando y llorando todo el dia,0.65461457,-0.3365936,0.224984,-0.004558653,-7.41E-06,0.000360409,3
537,por que chillan mucho o gritan mucho exageran,0.5876535,-0.46977428,-0.10328539,-0.016626813,-0.004308017,0.001023797,3
538,que su mama es una persona muy gritona,0.49405435,0.4364624,-0.07514648,-0.010276618,-0.002083743,-0.000573977,2
539,q no entisende,0,0,0,0,0,0,1
540,por que se la pasa gritando,0.5433742,-0.5132432,0.15322389,-0.000150247,-5.30E-05,0.000148974,3
541,porque grita mucho,0.58479303,0.99542797,0.815106,0.71300906,0.708673,0.70789766,3
542,su hermano es un nino que grita mucho,0.6085533,0.6751772,0.5741545,0.40921786,0.40975112,0.40946153,3
543,que es muy ruidoso,0.29879805,-0.23715976,0.12515193,0.17669535,0.003651459,0.000494871,3
544,es una maquina o bien alguien que grita demasiado,0.66800743,0.9944154,0.81719816,0.6979717,0.66645896,0.5135159,3
545,pirhhhhgvfriufueiituj,0,0,0,0,0,0,1
546,por que llora o le hacen algo,0.3590144,0.97476524,0.941955,-0.007308953,-0.000567809,-0.000105321,3
547,puen que su hermana grita mucho,0.6899859,0.9958532,0.81491196,0.70420796,0.6812233,0.5007407,3
548,NS,0,0,0,0,0,0,1
549,and fort,0,0,0,0,0,0,1
550,que grita mucho,0.58479303,0.99542797,0.815106,0.71300906,0.708673,0.70789766,3
551,porque grita mucho,0.58479303,0.99542797,0.815106,0.71300906,0.708673,0.70789766,3
552,mi hermano grita mucho,0.5216429,0.66490877,0.50910157,0.501273,0.50064725,0.5004216,3
553,que grita demasiado,0.58479303,0.99542797,0.815106,0.71300906,0.708673,0.70789766,3
554,que su hermanito siempre esta gritando y hace mucho ruido,0.63743037,0.9999865,0.5089514,0.529883,0.44294402,0.4108345,3
555,que su hermano es una persona muy ruidosa,0.49729872,-0.021381348,-0.077757105,-0.005973589,0.002391152,3.34E-05,3
556,siempre grita,0.58479303,0.99542797,0.815106,0.71300906,0.708673,0.70789766,3
557,quiere decir que todo el tiempo esta gritando sin parar,0.4502328,-0.46906793,0.15139933,-0.001809809,0.001024192,-0.002132557,3
558,"que su hermanito es muy griton, que su hermanita esta muy loco",0.6672933,0.18760142,0.49921268,0.4993886,0.4997,0.4993014,3
559,que grita mucho,0.58479303,0.99542797,0.815106,0.71300906,0.708673,0.70789766,3
560,quiere decir que su hermano grita mucho.,0.5216429,0.66490877,0.50910157,0.501273,0.50064725,0.5004216,3
561,que grita,0.58479303,0.99542797,0.815106,0.71300906,0.708673,0.70789766,3
562,que mi hermano tiene mucha energia,0.23811805,-0.040054172,-0.08299095,-0.002148811,-8.19E-05,-4.07E-05,3
563,que es muy pequeno y grita,0.6486213,0.9949777,0.82852143,0.7272748,0.53975004,0.50591046,3
564,que es pequeno y que grita mucho,0.6486213,0.9949777,0.82852143,0.7272748,0.53975004,0.50591046,3
565,que es muy gritona,0.24782684,-0.4625459,-0.2740041,-0.019511063,-0.015808148,-0.000904816,3
566,no para de gritar,0.511367,-0.4759286,0.06437596,0.001832273,0.000335051,0.001115969,3
567,que grita,0.58479303,0.99542797,0.815106,0.71300906,0.708673,0.70789766,3
568,que mi hermano grita mucho,0.5216429,0.66490877,0.50910157,0.501273,0.50064725,0.5004216,3
569,pues que al parecer su hermano grita mucho pero no entiende la metafora de pelota,0.6357999,0.65927804,0.44676185,0.40968597,0.40911636,0.40722463,3
570,que su hermano grita mucho.,0.5216429,0.66490877,0.50910157,0.501273,0.50064725,0.5004216,3
571,se refiere a que es una persona que grita,0.7467171,0.9931972,0.81057674,0.4755838,0.4342578,0.41171753,3
572,que su hermano hace mucho escandalo,0.1787728,-0.043440282,-0.08669411,-0.002496526,-8.68E-05,-0.001016896,3
573,que hecha mucho relajo,0.32281923,0,0,0,0,0,3
574,porque su esta loco,0.18658055,-0.35592195,0.47523868,0.4818926,0.4616168,0.2340743,2
575,que grita demasiado,0.58479303,0.99542797,0.815106,0.71300906,0.708673,0.70789766,3
576,es que su hermano es muy imperactivo,0.14036883,-0.038336515,-0.07720405,0.007608533,0.01012012,0.010519821,2
577,que el hermano se la pasa gritando,0.49017686,-0.10881367,0.06279285,-0.001390811,-9.07E-05,9.80E-05,3
578,que hace mucho escandalo,0.12653176,-0.4774681,-0.5212495,-0.023170378,-9.26E-05,-0.00203774,3
579,que es muy alborotado,0,0,0,0,0,0,2
580,que siempre se la pasa gritando,0.5433742,-0.5132432,0.15322389,-0.000150247,-5.30E-05,0.000148974,3
581,que es gordito y grita mucho,0.6558389,0.99516606,0.84843904,0.7038979,0.5025464,0.5018801,3
582,que siempre grita,0.58479303,0.99542797,0.815106,0.71300906,0.708673,0.70789766,3
583,mi hermanito es gordito y es griton,0.6797367,0.26460338,0.51398647,0.49603233,0.40824375,0.4081408,3
584,que grita,0.58479303,0.99542797,0.815106,0.71300906,0.708673,0.70789766,3
585,que su hermano siempre esta gritando.,0.45310497,-0.08828074,0.0218627,-0.003427502,-0.000319723,-0.000449769,3
586,que no para de gritar,0.511367,-0.4759286,0.06437596,0.001832273,0.000335051,0.001115969,3
587,que su hermano grita mucho y no sale de su circulo,0.6498489,0.66490877,0.50910157,0.501273,0.50064725,0.5004216,3
588,un humano gordo que no para de chillar,0.3582271,0.85884464,0.6203642,0.21420515,0.003049051,0.000252599,3
589,que grita mucho,0.58479303,0.99542797,0.815106,0.71300906,0.708673,0.70789766,3
590,que grita mucho,0.58479303,0.99542797,0.815106,0.71300906,0.708673,0.70789766,3
591,que su hermano se la pasa gritando,0.49017686,-0.10881367,0.06279285,-0.001390811,-9.07E-05,9.80E-05,3
592,"que grita mucho, que da mucha lata",0.6106977,0.9955811,0.8151094,0.71162015,0.6999927,0.690152,3
593,mi hermano grita,0.5216429,0.66490877,0.50910157,0.501273,0.50064725,0.5004216,3
594,quiere decir que su hermano grita mucho,0.5216429,0.66490877,0.50910157,0.501273,0.50064725,0.5004216,3
595,pues que grita mucho y tal vez al hablar grita.,0.5766084,0.99523556,0.81445694,0.7105689,0.70599866,0.68597007,3
596,que el nino es un nino que grita mucho,0.620776,0.99489003,0.9395895,0.31754762,0.3182653,0.31797445,3
597,que el hermano grita como una pelota que esta botando,0.6432359,0.6598271,0.44950983,0.41227862,0.4118954,0.41047364,3
598,es alguien que grita o habla demasiado,0.6288621,0.9944154,0.81719816,0.6979717,0.66645896,0.5135159,3
599,que siempre grita,0.58479303,0.99542797,0.815106,0.71300906,0.708673,0.70789766,3
600,de que su hermano o es un quejumbroso o es un lloron,0.26752135,-0.040685505,-0.08505236,-0.002851702,-0.001488835,-0.001141366,3
601,que se la pasa gritando,0.5433742,-0.5132432,0.15322389,-0.000150247,-5.30E-05,0.000148974,3
602,tiene sobrepeso,0,0,0,0,0,0,2
603,que todo el dia esta hablando y grtando,0.5527181,0,0,0,0,0,3
604,que es un nino gordo que grita por todo o su tono de voz es fuertealto,0.6918117,0.99492574,0.90716004,0.49886146,0.41242898,0.39965752,3
605,porque grita demasiado,0.58479303,0.99542797,0.815106,0.71300906,0.708673,0.70789766,3
606,si,0,0,0,0,0,0,1
607,que grita mucho,0.58479303,0.99542797,0.815106,0.71300906,0.708673,0.70789766,3
608,que el hermano siempre esta gritando entonces es un conjunto de gritos.,0.5272541,-0.0875299,0.038416266,0.020520516,0.000978313,0.00013791,3
609,solo grita,0.58479303,0.99542797,0.815106,0.71300906,0.708673,0.70789766,3
610,que grita mucho,0.58479303,0.99542797,0.815106,0.71300906,0.708673,0.70789766,3
611,que me hermano grita mucho,0.5216429,0.66490877,0.50910157,0.501273,0.50064725,0.5004216,3
612,mi hermano es un griton,0.33011976,-0.14948976,0.051427737,0.001171693,0.000101462,6.22E-05,3
613,que su hermano grita o hace mucho ruido,0.56940293,0.66460896,0.5148494,0.50498164,0.44578603,0.41146216,3
614,que grita mucho,0.58479303,0.99542797,0.815106,0.71300906,0.708673,0.70789766,3
615,por que grita mucho,0.58479303,0.99542797,0.815106,0.71300906,0.708673,0.70789766,3
616,que grita mucho,0.58479303,0.99542797,0.815106,0.71300906,0.708673,0.70789766,3
617,que siempre esta gritando.,0.5244153,-0.51134896,0.14512928,-0.002803262,-0.00037792,-0.000597566,3
618,que o se mueve mucho porque es una pelota o que es muy ruidoso.,0.44321573,0.45091808,0.04220556,-0.002961442,0.002660044,-0.000728596,3
619,que su hermano esta chiquito y grita mucho,0.5797415,0.66668916,0.51397336,0.5070673,0.50592184,0.49446467,3
620,que mi hermano grita mucho,0.5216429,0.66490877,0.50910157,0.501273,0.50064725,0.5004216,3
621,NS,0,0,0,0,0,0,1
622,significa que es una nino muy chillon y que normalmente se desespera y grita,0.640805,0.99422467,0.8958591,0.47697407,0.44334048,0.30037552,3
623,que tu hermano grita mucho y esta gordo,0.4824161,0.66663563,0.5245671,0.5110693,0.4194676,0.41093174,3
624,que su hermano es muy griton,0.33011976,-0.14948976,0.051427737,0.001171693,0.000101462,6.22E-05,3
625,que grita mucho,0.58479303,0.99542797,0.815106,0.71300906,0.708673,0.70789766,3
626,quiere decir que su hermano es un nino que grita,0.6085533,0.6751772,0.5741545,0.40921786,0.40975112,0.40946153,3
627,que grita en exceso,0.578784,0.99542797,0.815106,0.71300906,0.708673,0.70789766,3
628,mi hermano es alguien que no para de gritar y hablar,0.4862786,-0.053479046,-0.069018774,-0.003972598,-0.001422812,0.001244021,3
629,que su hermanito es un griton y llora todo el dia como la llorona,0.62406546,0.40349284,0.52502936,0.40557143,0.40795797,0.40798476,3
630,alguien que grita,0.6288621,0.9944154,0.81719816,0.6979717,0.66645896,0.5135159,3
631,que tu hermano grita mucho,0.5216429,0.66490877,0.50910157,0.501273,0.50064725,0.5004216,3
632,el hermano representa a un infante en plena etapa de inocencia y escandalo,0.39409673,-0.048541456,-0.09701805,-0.007236946,-0.0032751,-0.00091229,3
633,que tu hermano grita mucho,0.5216429,0.66490877,0.50910157,0.501273,0.50064725,0.5004216,3
634,que grita mucho,0.58479303,0.99542797,0.815106,0.71300906,0.708673,0.70789766,3
635,porque no deja de gritar,0.5002077,-0.4749925,0.099942654,0.005135207,0.000177009,-0.000157073,3
636,que hace mucho escandalo y no se puede quedar quieto,0.3401568,-0.4774681,-0.5212495,-0.023170378,-9.26E-05,-0.00203774,3
637,es un ser que grita mucho,0.58479303,0.99542797,0.815106,0.71300906,0.708673,0.70789766,3
638,que esta muy irritanto,0.27137417,0,0,0,0,0,3
639,que su hermano es gordito y redondo y esta constantemente gritando,0.6394927,-0.07160571,0.0602942,0.015735783,0.004404455,0.004533885,3
640,es una machina a gritar,0.55820656,-0.4759286,0.06437596,0.001832273,0.000335051,0.001115969,3
641,su hermano grita mucho,0.5216429,0.66490877,0.50910157,0.501273,0.50064725,0.5004216,3
642,mi hermano grita mucho,0.5216429,0.66490877,0.50910157,0.501273,0.50064725,0.5004216,3
643,que nunca deja de hablar,0.2816401,-0.1836285,0.20885402,0.01128787,-0.00262655,-0.00108468,3
644,que es un nino gordito que se la pasa gritando,0.6372752,-0.22683543,0.25155258,0.005138414,-0.000161661,3.19E-06,3
645,que los ninos son demasiados inquietos y ruidosos,0.56271094,-0.48331407,-0.24730936,-0.004570305,0.00588146,-0.000829168,3
646,que su hermanito grita mucho,0.8323351,0.99999994,1,1,1,1,3
647,que su hermando es un nino travieso,0.4866333,0.91350275,0.68761456,-0.009030372,-0.001740083,0.000230666,3
648,que su hermano grita mucho.,0.5216429,0.66490877,0.50910157,0.501273,0.50064725,0.5004216,3
649,es decir que tu hermanito es un griton,0.63075066,0.17129984,0.49817607,0.49884492,0.49915034,0.49933305,3
650,que siempre esta llorando o gritando,0.62022895,-0.5119173,0.14709006,-0.004129704,-0.000252521,-0.000412108,3
651,que es un dolor de cabeza,0.4366251,-0.1469444,-0.17364642,-0.02221434,-0.023431502,-0.007055116,3
652,invalida x sistema,0.21525373,0,0,0,0,0,0
653,que todo el tiempo grita mucho,0.58479303,0.99542797,0.815106,0.71300906,0.708673,0.70789766,3
654,que siempre hace berrinche y grita para tener lo que quiere,0.54082537,0.9955584,0.81714904,0.7106982,0.6983599,0.53749305,3
655,que es un nino muy inquieto,0.5789574,0.8426929,0.6585144,-0.009054467,-0.002640739,5.18E-05,3
656,quiere decir que su hermanito grita mucho,0.8323351,0.99999994,1,1,1,1,3
657,que mi hermano le encanta cantar,0.4046777,-0.043471813,-0.086061746,-0.003325548,-0.002493143,-0.000725314,3
658,que grita mucho todo el tiempo,0.58479303,0.99542797,0.815106,0.71300906,0.708673,0.70789766,3
659,es una ternura,0.3595344,0,0,0,0,0,3
660,por que esta gordito y es muy griton,0.5462071,-0.4661032,0.22764295,0.01846397,1.92E-05,-0.000304401,3
661,por que son muy ruidosos.,0.40168816,-0.6172912,-0.10598782,0.011952506,0.011153471,6.96E-05,3
662,que grita mucho,0.58479303,0.99542797,0.815106,0.71300906,0.708673,0.70789766,3
663,que su hermano grita mucho,0.5216429,0.66490877,0.50910157,0.501273,0.50064725,0.5004216,3
664,que el hermanito es muy ruidoso,0.6175669,0.8879334,0.6884574,0.70070016,0.5228065,0.501174,3
665,mi hermanito me estresa cada bes que grita.,0.785934,0.99999994,1,1,1,1,3
666,que su hermanito grita mucho,0.8323351,0.99999994,1,1,1,1,3
667,que un nino es muy ruidoso,0.50944567,0.90604544,0.663669,0.002167918,0.002424769,0.000600316,3
668,que mi ermano grita mucho,0.5216429,0.99542797,0.815106,0.71300906,0.708673,0.70789766,3
669,su hermano grita o llora mucho y asi es como la autor@ se refiere a el en el sentido literario,0.68137056,0.67708963,0.5440633,0.4107808,0.3530995,0.3323621,3
670,por que siempre grita,0.58479303,0.99542797,0.815106,0.71300906,0.708673,0.70789766,3
671,por que los ninos pequenos por lo regular gritan por todo,0.6621928,-0.47538817,-0.17646095,-0.010092862,0.00080947,-0.000551991,3
672,q es chillon,0.3021177,-0.25056756,0.35919458,0.19693959,0.07423133,0.002347815,3
673,que es un bb,0,0,0,0,0,0,3
674,que siempre grita,0.58479303,0.99542797,0.815106,0.71300906,0.708673,0.70789766,3
675,que mi hermanito grita mucho,0.8323351,0.99999994,1,1,1,1,3
676,al hermano lo representa como una pelota y el grita mucho,0.6047429,0.6499429,0.43125823,0.39926112,0.39117295,0.36076906,3
677,porque el grita mucho o muy fuerte,0.5692198,0.9955339,0.81271434,0.70530456,0.699852,0.5230107,3
678,que todo el tiempo llora y grita,0.6082816,0.99488807,0.83772904,0.5005956,0.50180143,0.50112516,3
679,que su pelota es la mejor,0.40923604,0.5306839,0.04140625,-0.010899864,0.002403207,0.001123399,1
680,mi hermano es una persona que grita todo el tiempo,0.6325708,0.66886854,0.505454,0.4237279,0.4185616,0.40894145,3
681,es un nino,0.4815977,0.9831139,0.693449,-0.006496169,-4.90E-05,0.000355497,2
682,por que grita,0.58479303,0.99542797,0.815106,0.71300906,0.708673,0.70789766,3
683,mi hermanito grita mucho,0.8323351,0.99999994,1,1,1,1,3
684,mi hermano grita demasiado,0.5216429,0.66490877,0.50910157,0.501273,0.50064725,0.5004216,3
685,que es muy inquieto,0.47851607,-0.3382483,-0.29818457,-0.039113864,-0.023888778,-0.000290282,3
686,q asu hermano le gustan los grillos alv,0.41527656,-0.046664774,-0.08985937,-0.002623834,-0.001574919,-0.001932055,3
687,por que grita mucho,0.58479303,0.99542797,0.815106,0.71300906,0.708673,0.70789766,3
688,que mi hermono grita mucho,0.5216429,0.99542797,0.815106,0.71300906,0.708673,0.70789766,3
689,por que es gordo y le gusta cantar,0.47887534,0.41969338,0.37516892,0.0865572,-0.004084929,-0.001080094,3
690,quiere decir que su hermano grita mucho,0.5216429,0.66490877,0.50910157,0.501273,0.50064725,0.5004216,3
691,que grita demasiado,0.58479303,0.99542797,0.815106,0.71300906,0.708673,0.70789766,3
692,que mi hermano grita y grita sin parar y sin sentido,0.5981736,0.8588068,0.6832674,0.63733685,0.63424706,0.5421997,3
693,que los ninos son muy energeticos y tienden a gritar mucho.,0.59626645,-0.47706443,0.024549864,0.001199698,0.003523506,0.000140178,3
694,osea que su hermano grita mucho,0.5216429,0.6622813,0.5090859,0.4996555,0.49211264,0.46038315,3
695,es cuando mi hermano siempre esta llorando o gritando,0.574749,-0.09060705,0.028274395,-0.004344657,-0.000235975,-0.000341166,2
696,que hace ruido,0.23722401,0.48542637,0.13850747,0.08289279,0.001031524,0.000496015,2
697,que cada bote que da es un grito de mi hermano,0.14036883,-0.041718215,-0.08477356,-0.002478138,-9.08E-05,-0.00031082,1
698,que su hermano se la pasa gritando,0.49017686,-0.10881367,0.06279285,-0.001390811,-9.07E-05,9.80E-05,2
699,por siempre mete goles,0.33864522,0,0,0,0,0,1
700,quiere decir mi hermanito todo el tiempo grita,0.8323351,0.99999994,1,1,1,1,2
701,que el hermano se la pasa gritando,0.49017686,-0.10881367,0.06279285,-0.001390811,-9.07E-05,9.80E-05,2
702,que es muy grito,0,-0.47494823,-0.50581026,-0.0475038,-0.000729237,-0.000472375,2
703,que su hermano es una latoso,0.4621272,-0.041906893,-0.07653359,0.006368302,0.00901483,0.000493191,1
704,que llega a gritar mucho,0.47236916,-0.4759286,0.06437596,0.001832273,0.000335051,0.001115969,2
705,que es muy gritos,0.39712816,-0.04560846,0.06525315,0.07751672,0.00214906,0.000879943,2
706,que mi hermano grita mucho y ase esallar alas personas,0.5216429,0.66490877,0.50910157,0.501273,0.50064725,0.5004216,1
707,q es fastidioso,0.46364325,0.66962415,-0.019805968,0,0,0,1
708,que grita mucho,0.58479303,0.99542797,0.815106,0.71300906,0.708673,0.70789766,1
709,ya es grande y grita,0.59318006,0.99542797,0.815106,0.71300906,0.708673,0.70789766,1
710,que grita mucho,0.58479303,0.99542797,0.815106,0.71300906,0.708673,0.70789766,1
711,que se la pasa gritando todo el tiempo,0.5433742,-0.5132432,0.15322389,-0.000150247,-5.30E-05,0.000148974,2
712,q mi hermana grita,0.6899859,0.9958532,0.81491196,0.70420796,0.6812233,0.5007407,1
713,que mi hermanito es muy griton,0.63075066,0.17129984,0.49817607,0.49884492,0.49915034,0.49933305,3
714,por que grita mucho,0.58479303,0.99542797,0.815106,0.71300906,0.708673,0.70789766,3
715,se refiere a que su hermano es una persona gritona,0.5764341,-0.019538075,-0.07243171,0.002500845,-0.002284348,-0.000437185,3
716,quiere decir que los ninos gritan mucho,0.61180305,-0.47611332,-0.14175798,-0.011657391,0.000900736,3.21E-05,3
717,que es muy la toso,0.259907,0,0,0,0,0,3
718,que es bien gritano,0.5244153,0,0,0,0,0,3
719,su hermano es un bebe que grita y llora mucho,0.5797799,0.67910284,0.5446856,0.40952775,0.3873397,0.35674495,3
720,que esta gritando su hermano,0.45310497,-0.08828074,0.0218627,-0.003427502,-0.000319723,-0.000449769,3
721,que el hermanito grita mucho,0.8323351,0.99999994,1,1,1,1,3
722,que mi hermanito siempre grita,0.8323351,0.99999994,1,1,1,1,3
723,que su hermano siempre grita,0.5216429,0.66490877,0.50910157,0.501273,0.50064725,0.5004216,3
724,"quiere decir que su hermano grita mucho, es una metafora",0.5153816,0.6643254,0.5073475,0.49961784,0.49950153,0.49890056,3
725,lo que yo entiendo es que su hermano grita mucho y a eso se refiere.,0.67887956,0.66222894,0.51168543,0.49823052,0.40283585,0.3906472,3
726,se refiere a que su hermano grita mucho,0.6880405,0.6628206,0.5129143,0.50133747,0.41777018,0.4115937,3
727,quiere decir que su hermano grita mucho.,0.5216429,0.66490877,0.50910157,0.501273,0.50064725,0.5004216,3
728,que su hermano es muy lloron y enojon y de todo grita,0.5540587,0.66063464,0.50360924,0.498393,0.4968557,0.35842443,3
729,qwee,0,0,0,0,0,0,0
730,por que regana al hermano menor,0.39956555,-0.036847472,-0.08254944,-0.000357512,0.001958426,0.000339229,2
731,que es una persona que grita mucho,0.6832276,0.99475455,0.80474293,0.5302667,0.5162337,0.500969,3
732,"cuando a alguien se le dice pelota, la mayoria de veces es porque tratan de decirle gordoa asi que supongo que trata de decir que su hermano es un gordo griton",0.55738544,-0.10944301,0.08356914,-0.00358367,-0.00341031,-0.001441762,3
733,que es una persona inquieta,0.58221716,0.9012876,0.09195839,-0.006573327,0.003562479,8.81E-05,3
734,porque grita mucho,0.58479303,0.99542797,0.815106,0.71300906,0.708673,0.70789766,3
735,que siempre que se mueve hace demasiado ruido,0.25989255,0.45893002,0.108164,0.054123532,-0.001366463,-0.001955351,3
736,que con cualquier cosa se altera y grita,0.66527677,0.9958826,0.8148172,0.706644,0.7023434,0.69775635,3
737,por que no esta quieta,0.38974229,0,0,0,0,0,2
738,que mi hermanito grita mucho en casa,0.80114126,0.99998736,0.9999039,0.99980927,0.9996997,0.998611,3
739,"pues ami entender, la persona se esta haciendo una referencia de la pelota con su hermano, que es inquieto, entre otras cosas.",0.61273557,0.005757749,-0.03332354,-0.01429555,0.00134063,-0.000105593,3
740,que a mi hermano le gusta gritar o hablar mucho y muy fuerte,0.58005106,-0.04672286,-0.069960125,-0.002395085,-0.00292439,0.000165013,3
741,que es muy fastidioso,0.46364325,0.66962415,-0.019805968,0,0,0,3
742,grita mucho,0.58479303,0.99542797,0.815106,0.71300906,0.708673,0.70789766,3
743,por lo que entiendo es que un nino tiene una pelota que es super fantastica,0.575294,0.6986307,0.14481036,-0.016815908,-0.002527662,-0.003161565,1
744,por que los ninos gritan cuando estan pequenos,0.6298965,-0.47538817,-0.17646095,-0.010092862,0.00080947,-0.000551991,3
745,que mi hermano se parece a una bola de pelos,0.44361615,-0.045221448,-0.08869487,-0.006898388,-0.003061347,-0.006706961,1
746,pues k es como muy lida conmigom y k parese algo muy tierno la pelota de pelos como mi sister,0.55317867,0.3951508,0.032189097,-0.016891472,-0.001274183,-0.004765697,1
747,que tiene un hermanito que grita mucho es muy imperactivo,0.8323351,0.9999994,0.99998873,0.9999481,0.9999226,0.99981546,1
748,que el hermano grita mucho,0.5216429,0.66490877,0.50910157,0.501273,0.50064725,0.5004216,3
749,siempre grita,0.58479303,0.99542797,0.815106,0.71300906,0.708673,0.70789766,3
750,quiere decir que el nino es muy griton cuando juega la pelota,0.5661675,-0.24089304,0.23308651,-0.01031056,-0.00032118,-0.00094676,3
751,grita mucho,0.58479303,0.99542797,0.815106,0.71300906,0.708673,0.70789766,3
752,que el nino grita mucho y este se expresa mas comun de esta forma,0.6691016,0.99509585,0.8952443,0.49478728,0.49398318,0.38046068,3
753,por que quiere decir que el hermano es muy griton,0.33011976,-0.14948976,0.051427737,0.001171693,0.000101462,6.22E-05,3
754,ththt,0,0,0,0,0,0,0
755,que grita mucho,0.58479303,0.99542797,0.815106,0.71300906,0.708673,0.70789766,3
756,moleta mucho,0,0,0,0,0,0,2
757,es su apodo,0,0,0,0,0,0,1
758,que su hermano tiene muchos grillos,0.33209017,-0.043365866,-0.08649522,-0.002551463,-0.000257306,-0.000296664,1
759,que grita mucho y el piensa que es una pelota,0.67717975,0.9899199,0.63628876,0.5087837,0.5054569,0.5035176,3
760,es muy latoso,0.5311873,-0.4662516,0.37240872,0.45147085,0.38341346,0.000738092,1
761,que esta gordito y se la pasa gritando,0.5871948,-0.42510924,0.18273602,0.010669421,-0.000158427,-0.000201054,3
762,que se la pasa gritando,0.5433742,-0.5132432,0.15322389,-0.000150247,-5.30E-05,0.000148974,3
763,que el tiene la peota y no se la quieren dar y grita,0.6330588,0.99542797,0.815106,0.71300906,0.708673,0.70789766,3
764,yo supongo que quiere decir que es un nino que grita bastante como un nino de 5 o 4 anos,0.65726644,0.9944092,0.9402882,0.3095079,0.30996376,0.30213243,2
765,mi sobrina,0.36209196,0,0,0,0,0,1
766,que mi hermanito es muy griton,0.63075066,0.17129984,0.49817607,0.49884492,0.49915034,0.49933305,3
767,que mi hermano grita mucho,0.5216429,0.66490877,0.50910157,0.501273,0.50064725,0.5004216,3
768,que grita mucho mi hermano,0.5216429,0.66490877,0.50910157,0.501273,0.50064725,0.5004216,3
769,quiere decir que mi hermanito grita demasiado,0.8323351,0.99999994,1,1,1,1,3
770,pues se refiere a que tu hermana es la otra parte para ti,0.62180793,0.8185183,0.3569957,0.05288363,-0.008120527,-0.000540936,1
771,mi hermano grita muho como bota una pelota,0.7862166,0.65927464,0.4467173,0.409641,0.40906078,0.4069116,3
772,que grita mucho,0.58479303,0.99542797,0.815106,0.71300906,0.708673,0.70789766,3
773,se la pasa gritando,0.5433742,-0.5132432,0.15322389,-0.000150247,-5.30E-05,0.000148974,3
774,que su hermano grita mucho o es muy ruidoso,0.51284075,0.66130596,0.50947267,0.5051972,0.4230019,0.40986046,3
775,que su hermano grita mucho,0.5216429,0.66490877,0.50910157,0.501273,0.50064725,0.5004216,3
776,que su hermano grita mucho,0.5216429,0.66490877,0.50910157,0.501273,0.50064725,0.5004216,3
777,"mi hermano es muy griton,escandaloso y travieso",0.4868198,-0.15469372,0.046006724,-0.002570763,-0.004193828,-1.58E-05,3
778,que mi hermano siempre esta gritando,0.45310497,-0.08828074,0.0218627,-0.003427502,-0.000319723,-0.000449769,3
779,que su hermano es un nino super griton,0.520558,-0.124473125,0.12143491,-0.005197421,-0.001666367,-0.001495659,3
780,que los hermanos te pueden molestar o normalmente te peleas con ellos,0.47538498,0.93288255,0.16745594,-0.0517757,-0.012063483,-0.000217011,3
781,mi hermano cada vez que grita se vuelve muy constante,0.6840447,0.66490877,0.50910157,0.501273,0.50064725,0.5004216,3
782,un nino que siempre trata de llamar la atencion con gritos.,0.5815658,0.78024113,0.28784588,0.02390425,0.001473818,0.000871833,3
783,que su hermano grita mucho,0.5216429,0.66490877,0.50910157,0.501273,0.50064725,0.5004216,3
784,por molesto y castroso,0.27039635,-0.62635833,0.21284172,-0.061498895,-0.06654705,-0.0450989,3
785,que su hermanito grita mucho.,0.8323351,0.99999994,1,1,1,1,3
786,que es un nino gordito como pelota que grita mucho,0.7150622,0.9894749,0.71274835,0.41180617,0.35697275,0.35590225,3
787,la referencia da a que el hermano grita mucho pero es como si le hubieran puesto como tipo sobrante pelota,0.6419916,0.65775126,0.44346315,0.40697852,0.40614823,0.40130576,2
788,que es muy griton,0.357207,-0.5156076,0.17928916,0.003836334,0.000225902,0.000128835,3
789,que se altera rapido,0.38886875,0.8945061,0.6041599,0.1276496,0.09401088,0.023142792,3
790,que siempre grita por todo,0.58479303,0.99542797,0.815106,0.71300906,0.708673,0.70789766,3
791,mi hermanito en un nino que grita mucho,0.7901629,0.99998724,0.99730647,0.8212179,0.8180433,0.8176032,3
792,que su hermano grita mucho,0.5216429,0.66490877,0.50910157,0.501273,0.50064725,0.5004216,3
793,que siempre grita mucho,0.58479303,0.99542797,0.815106,0.71300906,0.708673,0.70789766,3
794,que el nunca deja de gritar,0.5002077,-0.4749925,0.099942654,0.005135207,0.000177009,-0.000157073,3
795,"simplemente que su hermano es una persona muy gritona, pelota se refiere a cabeza.",0.61541593,0.009939909,-0.022623103,-0.001643397,-0.000156691,0.001511751,3
796,que esta gordo y le gusta gritar,0.5636884,-0.22421825,0.22522339,0.014204025,-0.002036218,1.94E-05,3
797,mi hermano grita por todo,0.5216429,0.66490877,0.50910157,0.501273,0.50064725,0.5004216,3
798,que los ninos pueden hacer mucho ruido,0.5247968,-0.27357626,0.07826203,0.03385051,0.004187601,-0.000312161,3
799,es muy ruidoso,0.29879805,-0.23715976,0.12515193,0.17669535,0.003651459,0.000494871,3
800,a qiere,0,0,0,0,0,0,1
801,por que grita a cada rato,0.6714142,0.9952711,0.8226125,0.7058833,0.64399064,0.5081346,3
802,que grita mucho,0.58479303,0.99542797,0.815106,0.71300906,0.708673,0.70789766,3
803,por que siempre esta gritando,0.5244153,-0.51134896,0.14512928,-0.002803262,-0.00037792,-0.000597566,3
804,que su hermano se la pasa gritando,0.49017686,-0.10881367,0.06279285,-0.001390811,-9.07E-05,9.80E-05,3
805,que es una persona muy reganona y grita,0.65503085,0.99475455,0.80474293,0.5302667,0.5162337,0.500969,3
806,que para mi es muy latoso,0.5311873,-0.4662516,0.37240872,0.45147085,0.38341346,0.000738092,3
807,mi hermano grita mucho,0.5216429,0.66490877,0.50910157,0.501273,0.50064725,0.5004216,3
808,q mi hermanito es muy griton en forma de pelota,0.6359582,0.29329002,0.44234937,0.41044328,0.40972307,0.38449576,3
809,que siempre esta gritando,0.5244153,-0.51134896,0.14512928,-0.002803262,-0.00037792,-0.000597566,3
810,que el hermano es muy expresivo,0.42828822,-0.040054172,-0.08299095,-0.002148811,-8.19E-05,-4.07E-05,3
811,que llora mucho,0.3590144,0.97476524,0.941955,-0.007308953,-0.000567809,-0.000105321,3
812,que grita mucho,0.58479303,0.99542797,0.815106,0.71300906,0.708673,0.70789766,3
813,que siempre anda brincando y gritando,0.627331,-0.51116604,0.14401361,-0.003075402,-0.000637949,-0.000372265,3
814,que su hermano grita mucho,0.5216429,0.66490877,0.50910157,0.501273,0.50064725,0.5004216,3
815,el nino grita mucho o habla de mas,0.67964834,0.99515414,0.8884622,0.50297177,0.5022851,0.5018149,3
816,que su hermanito grita mucho,0.8323351,0.99999994,1,1,1,1,3
817,es una persona gordita que grita,0.687579,0.99475455,0.80474293,0.5302667,0.5162337,0.500969,3
818,se refiere a que su hermano es muy inquieto.,0.5825108,-0.03485009,-0.07328494,0.013106778,-0.003081873,-0.000197787,3
819,que el nino es muy griton,0.53251815,-0.41462427,0.2728505,-0.001816213,0.000125468,0.000342131,3
820,que es una persona que siempre grita.,0.6832276,0.99475455,0.80474293,0.5302667,0.5162337,0.500969,3
821,puede ser que el hermanito este pequeno y nunca deja de llorar y gritar por todo lo que le hacen o le pasa.,0.64105296,0.9999738,0.5538459,0.41230232,0.30774584,0.2905715,3
822,porque no para de gritar o de molestar,0.53312504,-0.47650182,0.066056415,0.001023427,-0.00040379,0.000151202,3
823,que su hermano grita mucho.,0.5216429,0.66490877,0.50910157,0.501273,0.50064725,0.5004216,3
824,una persona gorda que grita mucho,0.69753826,0.99475455,0.80474293,0.5302667,0.5162337,0.500969,3
825,"que grita por todo, cada que rebota",0.63950753,0.9952016,0.81723773,0.71040255,0.7067036,0.6343818,3
826,porque el grita mucho,0.58479303,0.99542797,0.815106,0.71300906,0.708673,0.70789766,3
827,que por cualquier cosa llora y grita,0.69444525,0.9952023,0.83757603,0.49299952,0.49426344,0.4927146,3
828,que se la pasa gritando.,0.5433742,-0.5132432,0.15322389,-0.000150247,-5.30E-05,0.000148974,3
829,talvez que sienpre esta corriendo o no se esta em paz,0.42109206,0,0,0,0,0,3
830,porque esta chiquito grita mucho,0.60960156,0.995479,0.8198994,0.72121966,0.7148152,0.68719655,3
831,que tu hermano no para de gritar y es un escandaloso.,0.48061216,-0.06654528,-0.08110536,-0.002170589,-0.003071789,0.00056172,3
832,que es un nino muy griton,0.53251815,-0.41462427,0.2728505,-0.001816213,0.000125468,0.000342131,3
833,es un nino muy griton,0.53251815,-0.41462427,0.2728505,-0.001816213,0.000125468,0.000342131,3
834,su hermano grita todo el tiempo y es una pelota porque se esta ocupando como una alternativa,0.5932262,0.6598271,0.44950983,0.41227862,0.4118954,0.41047364,3
835,mi hermano es muy escandaloso,0.2716431,-0.04945445,-0.089362964,-0.004715074,-0.004454553,-9.37E-05,3
836,que a cada rato esta gritando,0.5909085,-0.45646414,0.15344857,0.00012565,-0.001140289,7.62E-05,3
837,que grita mucho,0.58479303,0.99542797,0.815106,0.71300906,0.708673,0.70789766,3
838,por que no se calla,0.4064448,0,0,0,0,0,3
839,que tu hermano grita mucho,0.5216429,0.66490877,0.50910157,0.501273,0.50064725,0.5004216,3
840,que grita mucho,0.58479303,0.99542797,0.815106,0.71300906,0.708673,0.70789766,3
841,su hermano solo grita,0.5216429,0.66490877,0.50910157,0.501273,0.50064725,0.5004216,3
842,esta lleno de gritos,0.555838,-0.04889354,0.06389915,0.07628063,-0.000353306,-0.002143283,3
843,llora o grita mucho,0.6082816,0.99488807,0.83772904,0.5005956,0.50180143,0.50112516,3
844,"describe como es el hermano,quiere decir que grita mucho",0.604249,0.66490877,0.50910157,0.501273,0.50064725,0.5004216,3
845,que solo grita mucho,0.58479303,0.99542797,0.815106,0.71300906,0.708673,0.70789766,3
846,que grita mucho,0.58479303,0.99542797,0.815106,0.71300906,0.708673,0.70789766,3
847,que su hermano menor grita mucho,0.59977597,0.66407895,0.5066729,0.5000041,0.49947488,0.40897202,3
848,que esta lleno de gritos listos para salir,0.6319093,-0.04889354,0.06389915,0.07628063,-0.000353306,-0.002143283,3
849,que esta molestando,0,0,0,0,0,0,2
850,que es muy escandaloso o ruidoso,0.3386072,-0.42030925,-0.17095146,0.08241875,-0.0011198,0.000284295,3
851,porque tal vez tu hermano es un griton y es lo unico que hace,0.38569343,-0.14948976,0.051427737,0.001171693,0.000101462,6.22E-05,3
852,significa que es una persona que grita demasiado,0.6621769,0.9943563,0.8041786,0.5142721,0.4771922,0.42199665,3
853,significa que su hermano es muy escandaloso,0.33178198,-0.047142684,-0.087862805,-0.009245902,-0.008837163,-0.000521239,3
854,se refiere a que su hermano siempre grita,0.6880405,0.6628206,0.5129143,0.50133747,0.41777018,0.4115937,3
855,que su hermano grita mucho,0.5216429,0.66490877,0.50910157,0.501273,0.50064725,0.5004216,3
856,que su hermano grita mucho,0.5216429,0.66490877,0.50910157,0.501273,0.50064725,0.5004216,3
857,que al ser pequeno llora y grita mucho,0.6402359,0.9944377,0.8496519,0.49822724,0.42747417,0.41163823,3
858,que grita mucha probablemente porque es menor,0.6943135,0.9948994,0.8119159,0.71271664,0.7086093,0.501426,3
859,que su hermano es muy griton,0.33011976,-0.14948976,0.051427737,0.001171693,0.000101462,6.22E-05,3
860,un nino gordo que hace mucho ruido,0.4362051,0.9511777,0.6270286,0.016122214,0.002210405,0.000634734,3
861,que siempre esta gritando,0.5244153,-0.51134896,0.14512928,-0.002803262,-0.00037792,-0.000597566,3
862,pq se espanta muy facil y salta al mismo tiemmpo que gfrita,0.6188787,0.99000925,0.42298776,0.22914112,0.17409942,0.04790451,3
863,que grita muy fuerte y grita todo el tiempo.,0.60816634,0.9954814,0.8139067,0.70928246,0.7044839,0.64369375,3
864,que su hermano tiende a gritar mucho,0.52997494,-0.057807058,-0.07482973,-0.000295531,0.000172885,0.000755303,3
865,que se refieren a que la pelota representa su hermano y como su hermano grita mucho esa es la accion que representa a su hermano,0.5151861,0.27578145,0.17172289,0.2035015,0.2024529,0.18646374,3
866,"su hermano debe ser un nino pequeno, y por lo general los ninos pequenos gritan cuando hacen berrinches. tambien puede ser un bebe su hermano y pues los bebes lloran.",0.6235226,-0.024246335,-0.017713794,0.010788818,0.001395329,0.000867061,3
867,porque esta gordo y grita demasiado,0.5093061,0.99496603,0.8349745,0.7232153,0.51983523,0.5044687,3
868,la pelota significa su impratividad osea como *rebotar* y los gritos representa el ruido que hace,0.4912603,0.27305523,0.041547094,0.010754712,-0.003975419,-1.46E-05,1
869,que su hermano no deja de gritar,0.45982927,-0.061121434,-0.0690834,0.002486989,8.20E-05,-0.000151397,3
870,gritan mucho,0.57884085,-0.46977428,-0.10328539,-0.016626813,-0.004308017,0.001023797,3
871,que grita demaciado,0.6288184,0.99542797,0.815106,0.71300906,0.708673,0.70789766,3
872,que el nino grita mucho tiempo continuo.,0.6807871,0.99515414,0.8884622,0.50297177,0.5022851,0.5018149,3
873,significa que su hermano llora y gritos mucho,0.43722755,0.005260527,0.002049561,0.01194616,-0.002440669,-1.30E-05,3
874,que su hermano es muy griton,0.33011976,-0.14948976,0.051427737,0.001171693,0.000101462,6.22E-05,3
875,que se grita siempre llora y grita.,0.6334134,0.99515593,0.826847,0.63404596,0.6340952,0.6333894,3
876,"que su hermano es muy desastroso, que grita mucho",0.5805484,0.66241646,0.50918704,0.50027084,0.49937394,0.47469527,3
877,que el hermano del autor es alguien que se expresa mucho y de manera demandante.,0.44651473,-0.03643635,-0.07598792,-0.008744046,-0.001901936,-0.002141766,3
878,"su hermano se grita y trata como pelota(salta, bota)",0.60339445,0.66432184,0.5073215,0.49959418,0.4995093,0.49862546,3
879,que es muy escandaloso,0.23753607,-0.49071535,-0.37589234,-0.069461375,-0.011570905,-9.20E-05,3
880,que el hermano grita mucho.,0.5216429,0.66490877,0.50910157,0.501273,0.50064725,0.5004216,3
881,el molesta facilmente,0.6288276,-0.48766145,0.108682945,-0.05336124,-0.020419307,-0.005236127,3
882,su hermano grita mucho,0.5216429,0.66490877,0.50910157,0.501273,0.50064725,0.5004216,3
883,que su hermano grita mucho,0.5216429,0.66490877,0.50910157,0.501273,0.50064725,0.5004216,3
884,quiere decir que siempre pega gritos,0.41828978,-0.04560846,0.06525315,0.07751672,0.00214906,0.000879943,3
885,una persona que grita,0.6832276,0.99475455,0.80474293,0.5302667,0.5162337,0.500969,3
886,el hermano que grita.,0.5216429,0.66490877,0.50910157,0.501273,0.50064725,0.5004216,3
887,que es alguien que no para de gritar,0.5282137,-0.3544009,0.1207317,-0.002733788,-0.001227789,0.001727238,3
888,"quiere decir que los hermanos se gritan y lloran porque son menores en las casas, y se comparo en una pelota.",0.60182977,0.34453747,0.028624486,-0.015973315,-0.007722527,0.001002982,3
889,that maybe her sister always screams to her,0,-0.17039621,-0.042895474,-0.10105095,-0.019673139,0.001932537,3
890,que es un bebe que grita mucho,0.6059413,0.9950042,0.8245461,0.7319771,0.60582817,0.50756854,3
891,que siempre esta gritando,0.5244153,-0.51134896,0.14512928,-0.002803262,-0.00037792,-0.000597566,3
892,que no deja de gritar,0.5002077,-0.4749925,0.099942654,0.005135207,0.000177009,-0.000157073,3
893,mi hermanito grita mucho.,0.8323351,0.99999994,1,1,1,1,3
894,puede significar que el hermano es ruidoso.,0.24848753,-0.04174477,-0.07999456,0.006298203,0.00239992,0.000319695,3
895,que grita mucho,0.58479303,0.99542797,0.815106,0.71300906,0.708673,0.70789766,3
896,"esta usando la palabra pelota para todo, asi ue podemos pensar que su hermanito simplemente es muy griton",0.6806128,0.26897907,0.43812466,0.40752733,0.40484905,0.40157145,3
897,es un nino que grita mucho,0.67964834,0.99515414,0.8884622,0.50297177,0.5022851,0.5018149,3
